"../../../Engine/Plugins/2D/Paper2D/Content/PlaceholderTextures/DummySpriteTexture.ubulk" 0
"../../../Engine/Plugins/2D/Paper2D/Content/PlaceholderTextures/DummySpriteTexture.uasset" 1
"../../../Engine/Plugins/2D/Paper2D/Content/PlaceholderTextures/DummySpriteTexture.uexp" 2
"../../../Engine/Plugins/2D/Paper2D/Content/DummySprite.uasset" 3
"../../../Engine/Plugins/2D/Paper2D/Content/DummySprite.uexp" 4
"../../../Engine/Plugins/2D/Paper2D/Content/DefaultPaperTerrainMaterial.uasset" 5
"../../../Engine/Plugins/2D/Paper2D/Content/DefaultPaperTerrainMaterial.uexp" 6
"../../../Engine/Plugins/Animation/ControlRig/Content/Controls/DefaultGizmoLibraryNormalized.uasset" 7
"../../../Engine/Plugins/Animation/ControlRig/Content/Controls/DefaultGizmoLibraryNormalized.uexp" 8
"../../../Engine/Content/EngineSounds/Master.uasset" 9
"../../../Engine/Content/EngineSounds/Master.uexp" 10
"../../../Engine/Content/EngineMaterials/DefaultPhysicalMaterial.uasset" 11
"../../../Engine/Content/EngineMaterials/DefaultPhysicalMaterial.uexp" 12
"../../../Engine/Content/EngineMaterials/DefaultDestructiblePhysicalMaterial.uasset" 13
"../../../Engine/Content/EngineMaterials/DefaultDestructiblePhysicalMaterial.uexp" 14
"../../../Engine/Content/EngineFonts/Faces/RobotoLight.uexp" 15
"../../../Engine/Content/EngineFonts/Faces/RobotoLight.uasset" 16
"../../../Engine/Content/EngineFonts/Faces/RobotoLight.ufont" 17
"../../../Engine/Content/EngineFonts/Faces/RobotoBold.uexp" 18
"../../../Engine/Content/EngineFonts/Faces/RobotoBold.uasset" 19
"../../../Engine/Content/EngineFonts/Faces/RobotoBold.ufont" 20
"../../../Engine/Content/EngineFonts/Faces/RobotoRegular.uexp" 21
"../../../Engine/Content/EngineFonts/Faces/RobotoRegular.uasset" 22
"../../../Engine/Content/EngineFonts/Faces/RobotoRegular.ufont" 23
"../../../Engine/Content/EngineFonts/Faces/DroidSansFallback.uexp" 24
"../../../Engine/Content/EngineFonts/Faces/DroidSansFallback.uasset" 25
"../../../Engine/Content/EngineFonts/Faces/DroidSansFallback.ufont" 26
"../../../Engine/Content/EngineFonts/Faces/RobotoItalic.uexp" 27
"../../../Engine/Content/EngineFonts/Faces/RobotoItalic.uasset" 28
"../../../Engine/Content/EngineFonts/Faces/RobotoItalic.ufont" 29
"../../../Engine/Content/EngineFonts/Faces/RobotoBoldItalic.uexp" 30
"../../../Engine/Content/EngineFonts/Faces/RobotoBoldItalic.uasset" 31
"../../../Engine/Content/EngineFonts/Faces/RobotoBoldItalic.ufont" 32
"../../../Engine/Content/EngineFonts/Roboto.uasset" 33
"../../../Engine/Content/EngineFonts/Roboto.uexp" 34
"../../../Engine/Content/Animation/DefaultRecorderBoneCompression.uasset" 35
"../../../Engine/Content/Animation/DefaultRecorderBoneCompression.uexp" 36
"../../../Engine/Plugins/Interchange/Runtime/Content/Pipelines/DefaultTexturePipeline.uasset" 37
"../../../Engine/Plugins/Interchange/Runtime/Content/Pipelines/DefaultTexturePipeline.uexp" 38
"../../../Engine/Plugins/Interchange/Runtime/Content/Pipelines/DefaultSceneLevelPipeline.uasset" 39
"../../../Engine/Plugins/Interchange/Runtime/Content/Pipelines/DefaultSceneLevelPipeline.uexp" 40
"../../../Engine/Plugins/Interchange/Runtime/Content/Pipelines/DefaultSceneAssetsPipeline.uasset" 41
"../../../Engine/Plugins/Interchange/Runtime/Content/Pipelines/DefaultSceneAssetsPipeline.uexp" 42
"../../../Engine/Plugins/Interchange/Runtime/Content/Pipelines/DefaultMaterialXPipeline.uasset" 43
"../../../Engine/Plugins/Interchange/Runtime/Content/Pipelines/DefaultMaterialXPipeline.uexp" 44
"../../../Engine/Plugins/Interchange/Runtime/Content/Pipelines/DefaultMaterialPipeline.uasset" 45
"../../../Engine/Plugins/Interchange/Runtime/Content/Pipelines/DefaultMaterialPipeline.uexp" 46
"../../../Engine/Plugins/Interchange/Runtime/Content/Pipelines/DefaultGLTFSceneAssetsPipeline.uasset" 47
"../../../Engine/Plugins/Interchange/Runtime/Content/Pipelines/DefaultGLTFSceneAssetsPipeline.uexp" 48
"../../../Engine/Plugins/Interchange/Runtime/Content/Pipelines/DefaultGLTFPipeline.uasset" 49
"../../../Engine/Plugins/Interchange/Runtime/Content/Pipelines/DefaultGLTFPipeline.uexp" 50
"../../../Engine/Plugins/Interchange/Runtime/Content/Pipelines/DefaultGLTFAssetsPipeline.uasset" 51
"../../../Engine/Plugins/Interchange/Runtime/Content/Pipelines/DefaultGLTFAssetsPipeline.uexp" 52
"../../../Engine/Plugins/Interchange/Runtime/Content/Pipelines/DefaultAssetsPipeline.uasset" 53
"../../../Engine/Plugins/Interchange/Runtime/Content/Pipelines/DefaultAssetsPipeline.uexp" 54
"../../../Engine/Content/MobileResources/HUD/VirtualJoystick_Background.uasset" 55
"../../../Engine/Content/MobileResources/HUD/VirtualJoystick_Background.uexp" 56
"../../../Engine/Content/MobileResources/HUD/VirtualJoystick_Thumb.uasset" 57
"../../../Engine/Content/MobileResources/HUD/VirtualJoystick_Thumb.uexp" 58
"D:/GAD2006/AdvancedGameDevFinal/Content/FirstPerson/Input/MobileControls.uasset" 59
"D:/GAD2006/AdvancedGameDevFinal/Content/FirstPerson/Input/MobileControls.uexp" 60
"../../../Engine/Content/EditorResources/S_Actor.ubulk" 61
"../../../Engine/Content/EditorResources/S_Actor.uasset" 62
"../../../Engine/Content/EditorResources/S_Actor.uexp" 63
"../../../Engine/Content/EditorResources/S_BoxReflectionCapture.uasset" 64
"../../../Engine/Content/EditorResources/S_BoxReflectionCapture.uexp" 65
"../../../Engine/Content/EngineResources/DefaultTexture.ubulk" 66
"../../../Engine/Content/EngineResources/DefaultTexture.uasset" 67
"../../../Engine/Content/EngineResources/DefaultTexture.uexp" 68
"../../../Engine/Content/EngineResources/DefaultTextureCube.uasset" 69
"../../../Engine/Content/EngineResources/DefaultTextureCube.uexp" 70
"../../../Engine/Content/EngineResources/DefaultVolumeTexture2D.uasset" 71
"../../../Engine/Content/EngineResources/DefaultVolumeTexture2D.uexp" 72
"../../../Engine/Content/EngineResources/DefaultVolumeTexture.uasset" 73
"../../../Engine/Content/EngineResources/DefaultVolumeTexture.uexp" 74
"../../../Engine/Content/EditorResources/S_Trigger.ubulk" 75
"../../../Engine/Content/EditorResources/S_Trigger.uasset" 76
"../../../Engine/Content/EditorResources/S_Trigger.uexp" 77
"../../../Engine/Content/EditorResources/S_TriggerBox.uasset" 78
"../../../Engine/Content/EditorResources/S_TriggerBox.uexp" 79
"../../../Engine/Content/EditorResources/S_TriggerCapsule.uasset" 80
"../../../Engine/Content/EditorResources/S_TriggerCapsule.uexp" 81
"../../../Engine/Content/EditorResources/S_TriggerSphere.uasset" 82
"../../../Engine/Content/EditorResources/S_TriggerSphere.uexp" 83
"../../../Engine/Content/Functions/Engine_MaterialFunctions02/WorldPositionOffset/CameraOffset.uasset" 84
"../../../Engine/Content/Functions/Engine_MaterialFunctions02/WorldPositionOffset/CameraOffset.uexp" 85
"../../../Engine/Plugins/Animation/ControlRig/Content/M_Manip.uasset" 86
"../../../Engine/Plugins/Animation/ControlRig/Content/M_Manip.uexp" 87
"../../../Engine/Plugins/Animation/ControlRig/Content/Controls/ControlRigXRayMaterial.uasset" 88
"../../../Engine/Plugins/Animation/ControlRig/Content/Controls/ControlRigXRayMaterial.uexp" 89
"../../../Engine/Plugins/Animation/ControlRig/Content/Controls/ControlRigGizmoMaterial.uasset" 90
"../../../Engine/Plugins/Animation/ControlRig/Content/Controls/ControlRigGizmoMaterial.uexp" 91
"../../../Engine/Content/EngineResources/GradientTexture0.uasset" 92
"../../../Engine/Content/EngineResources/GradientTexture0.uexp" 93
"../../../Engine/Content/EngineResources/Black.uasset" 94
"../../../Engine/Content/EngineResources/Black.uexp" 95
"../../../Engine/Content/EngineMaterials/RemoveSurfaceMaterial.uasset" 96
"../../../Engine/Content/EngineMaterials/RemoveSurfaceMaterial.uexp" 97
"../../../Engine/Content/EngineMaterials/PreintegratedSkinBRDF.uasset" 98
"../../../Engine/Content/EngineMaterials/PreintegratedSkinBRDF.uexp" 99
"../../../Engine/Content/EngineMaterials/DefaultCalibrationGrayscale.uasset" 100
"../../../Engine/Content/EngineMaterials/DefaultCalibrationGrayscale.uexp" 101
"../../../Engine/Content/EngineMaterials/PPM_DefaultCalibrationGrayscale.uasset" 102
"../../../Engine/Content/EngineMaterials/PPM_DefaultCalibrationGrayscale.uexp" 103
"../../../Engine/Content/EngineMaterials/DefaultCalibrationColor.uasset" 104
"../../../Engine/Content/EngineMaterials/DefaultCalibrationColor.uexp" 105
"../../../Engine/Content/EngineMaterials/PPM_DefaultCalibrationColor.uasset" 106
"../../../Engine/Content/EngineMaterials/PPM_DefaultCalibrationColor.uexp" 107
"../../../Engine/Content/EngineMaterials/PhAT_JointLimitMaterial.uasset" 108
"../../../Engine/Content/EngineMaterials/PhAT_JointLimitMaterial.uexp" 109
"../../../Engine/Content/EngineMaterials/NaniteHiddenSectionMaterial.uasset" 110
"../../../Engine/Content/EngineMaterials/NaniteHiddenSectionMaterial.uexp" 111
"../../../Engine/Content/EngineMaterials/InvalidLightmapSettings.ubulk" 112
"../../../Engine/Content/EngineMaterials/InvalidLightmapSettings.uasset" 113
"../../../Engine/Content/EngineMaterials/InvalidLightmapSettings.uexp" 114
"../../../Engine/Content/EngineMaterials/M_InvalidLightmapSettings.uasset" 115
"../../../Engine/Content/EngineMaterials/M_InvalidLightmapSettings.uexp" 116
"../../../Engine/Content/EngineMaterials/MiniFont.uasset" 117
"../../../Engine/Content/EngineMaterials/MiniFont.uexp" 118
"../../../Engine/Content/EngineMaterials/GizmoMaterial.uasset" 119
"../../../Engine/Content/EngineMaterials/GizmoMaterial.uexp" 120
"../../../Engine/Content/EngineMaterials/BaseFlattenEmissiveMap_VT.uasset" 121
"../../../Engine/Content/EngineMaterials/BaseFlattenEmissiveMap_VT.uexp" 122
"../../../Engine/Content/EngineMaterials/BaseFlattenGrayscaleMap_VT.uasset" 123
"../../../Engine/Content/EngineMaterials/BaseFlattenGrayscaleMap_VT.uexp" 124
"../../../Engine/Content/EngineMaterials/BaseFlattenLinearColor_VT.uasset" 125
"../../../Engine/Content/EngineMaterials/BaseFlattenLinearColor_VT.uexp" 126
"../../../Engine/Content/EngineMaterials/Black_1x1_EXR_Texture_VT.uasset" 127
"../../../Engine/Content/EngineMaterials/Black_1x1_EXR_Texture_VT.uexp" 128
"../../../Engine/Content/EngineMaterials/BaseFlattenDiffuseMap_VT.uasset" 129
"../../../Engine/Content/EngineMaterials/BaseFlattenDiffuseMap_VT.uexp" 130
"../../../Engine/Content/EngineMaterials/BaseFlattenNormalMap_VT.uasset" 131
"../../../Engine/Content/EngineMaterials/BaseFlattenNormalMap_VT.uexp" 132
"../../../Engine/Content/EngineMaterials/FlattenMaterial_WS_Normal_VT.uasset" 133
"../../../Engine/Content/EngineMaterials/FlattenMaterial_WS_Normal_VT.uexp" 134
"../../../Engine/Content/EngineMaterials/FlattenMaterial_VT.uasset" 135
"../../../Engine/Content/EngineMaterials/FlattenMaterial_VT.uexp" 136
"../../../Engine/Content/EngineMaterials/BaseFlattenNormalMap.uasset" 137
"../../../Engine/Content/EngineMaterials/BaseFlattenNormalMap.uexp" 138
"../../../Engine/Content/EngineMaterials/BaseFlattenGrayscaleMap.uasset" 139
"../../../Engine/Content/EngineMaterials/BaseFlattenGrayscaleMap.uexp" 140
"../../../Engine/Content/EngineMaterials/BaseFlattenDiffuseMap.uasset" 141
"../../../Engine/Content/EngineMaterials/BaseFlattenDiffuseMap.uexp" 142
"../../../Engine/Content/Functions/Engine_MaterialFunctions02/PivotPainter2/Black_1x1_EXR_Texture.uasset" 143
"../../../Engine/Content/Functions/Engine_MaterialFunctions02/PivotPainter2/Black_1x1_EXR_Texture.uexp" 144
"../../../Engine/Content/EngineMaterials/BaseFlattenEmissiveMap.uasset" 145
"../../../Engine/Content/EngineMaterials/BaseFlattenEmissiveMap.uexp" 146
"../../../Engine/Content/EngineMaterials/BaseFlattenLinearColor.uasset" 147
"../../../Engine/Content/EngineMaterials/BaseFlattenLinearColor.uexp" 148
"../../../Engine/Content/EngineMaterials/FlattenMaterial.uasset" 149
"../../../Engine/Content/EngineMaterials/FlattenMaterial.uexp" 150
"../../../Engine/Content/EngineMaterials/FastBlueNoise_vec2_128x128x64.uasset" 151
"../../../Engine/Content/EngineMaterials/FastBlueNoise_vec2_128x128x64.uexp" 152
"../../../Engine/Content/EngineMaterials/FastBlueNoise_scalar_128x128x64.uasset" 153
"../../../Engine/Content/EngineMaterials/FastBlueNoise_scalar_128x128x64.uexp" 154
"../../../Engine/Content/EngineMaterials/DefaultWhiteGrid_Low.uasset" 155
"../../../Engine/Content/EngineMaterials/DefaultWhiteGrid_Low.uexp" 156
"../../../Engine/Content/EngineMaterials/EmissiveMeshMaterial.uasset" 157
"../../../Engine/Content/EngineMaterials/EmissiveMeshMaterial.uexp" 158
"../../../Engine/Content/EngineMaterials/DefaultWhiteGrid.ubulk" 159
"../../../Engine/Content/EngineMaterials/DefaultWhiteGrid.uasset" 160
"../../../Engine/Content/EngineMaterials/DefaultWhiteGrid.uexp" 161
"../../../Engine/Content/EngineFonts/RobotoDistanceField.uasset" 162
"../../../Engine/Content/EngineFonts/RobotoDistanceField.uexp" 163
"../../../Engine/Content/EngineMaterials/DefaultTextMaterialOpaque.uasset" 164
"../../../Engine/Content/EngineMaterials/DefaultTextMaterialOpaque.uexp" 165
"../../../Engine/Content/EngineMaterials/DefaultDiffuse.ubulk" 166
"../../../Engine/Content/EngineMaterials/DefaultDiffuse.uasset" 167
"../../../Engine/Content/EngineMaterials/DefaultDiffuse.uexp" 168
"../../../Engine/Content/Functions/Engine_MaterialFunctions02/Utility/BreakOutFloat2Components.uasset" 169
"../../../Engine/Content/Functions/Engine_MaterialFunctions02/Utility/BreakOutFloat2Components.uexp" 170
"../../../Engine/Content/EngineMaterials/DefaultPostProcessMaterial.uasset" 171
"../../../Engine/Content/EngineMaterials/DefaultPostProcessMaterial.uexp" 172
"../../../Engine/Content/EngineMaterials/DefaultLightFunctionMaterial.uasset" 173
"../../../Engine/Content/EngineMaterials/DefaultLightFunctionMaterial.uexp" 174
"../../../Engine/Content/EngineMaterials/DefaultDeferredDecalMaterial.uasset" 175
"../../../Engine/Content/EngineMaterials/DefaultDeferredDecalMaterial.uexp" 176
"../../../Engine/Content/EngineMaterials/DefaultBokeh.uasset" 177
"../../../Engine/Content/EngineMaterials/DefaultBokeh.uexp" 178
"../../../Engine/Content/EngineMaterials/DefaultBloomKernel.uasset" 179
"../../../Engine/Content/EngineMaterials/DefaultBloomKernel.uexp" 180
"../../../Engine/Content/Functions/Engine_MaterialFunctions02/Utility/CameraDirectionVector.uasset" 181
"../../../Engine/Content/Functions/Engine_MaterialFunctions02/Utility/CameraDirectionVector.uexp" 182
"../../../Engine/Content/EngineDebugMaterials/VolumeToRender.uasset" 183
"../../../Engine/Content/EngineDebugMaterials/VolumeToRender.uexp" 184
"../../../Engine/Content/EngineDebugMaterials/M_VolumeRenderSphereTracePP.uasset" 185
"../../../Engine/Content/EngineDebugMaterials/M_VolumeRenderSphereTracePP.uexp" 186
"../../../Engine/Content/EngineDebugMaterials/M_SimpleUnlitTranslucent.uasset" 187
"../../../Engine/Content/EngineDebugMaterials/M_SimpleUnlitTranslucent.uexp" 188
"../../../Engine/Content/EngineDebugMaterials/DebugMeshMaterial.uasset" 189
"../../../Engine/Content/EngineDebugMaterials/DebugMeshMaterial.uexp" 190
"../../../Engine/Content/EngineDebugMaterials/DebugEditorMaterial.uasset" 191
"../../../Engine/Content/EngineDebugMaterials/DebugEditorMaterial.uexp" 192
"../../../Engine/Content/EngineDamageTypes/DmgTypeBP_Environmental.uasset" 193
"../../../Engine/Content/EngineDamageTypes/DmgTypeBP_Environmental.uexp" 194
"../../../Engine/Content/EditorResources/S_Terrain.ubulk" 195
"../../../Engine/Content/EditorResources/S_Terrain.uasset" 196
"../../../Engine/Content/EditorResources/S_Terrain.uexp" 197
"../../../Engine/Content/EditorResources/S_Solver.ubulk" 198
"../../../Engine/Content/EditorResources/S_Solver.uasset" 199
"../../../Engine/Content/EditorResources/S_Solver.uexp" 200
"../../../Engine/Content/EditorResources/EmptyActor.uasset" 201
"../../../Engine/Content/EditorResources/EmptyActor.uexp" 202
"../../../Engine/Content/EditorResources/BSPVertex.uasset" 203
"../../../Engine/Content/EditorResources/BSPVertex.uexp" 204
"../../../Engine/Content/EditorMaterials/PreviewShadowIndicator.ubulk" 205
"../../../Engine/Content/EditorMaterials/PreviewShadowIndicator.uasset" 206
"../../../Engine/Content/EditorMaterials/PreviewShadowIndicator.uexp" 207
"../../../Engine/Content/EditorMaterials/PreviewShadowIndicatorMaterial.uasset" 208
"../../../Engine/Content/EditorMaterials/PreviewShadowIndicatorMaterial.uexp" 209
"../../../Engine/Content/EditorMaterials/PhAT_UnselectedMaterial.uasset" 210
"../../../Engine/Content/EditorMaterials/PhAT_UnselectedMaterial.uexp" 211
"../../../Engine/Content/EditorMaterials/PhAT_NoCollisionMaterial.uasset" 212
"../../../Engine/Content/EditorMaterials/PhAT_NoCollisionMaterial.uexp" 213
"../../../Engine/Content/EditorLandscapeResources/DefaultAlphaTexture.uasset" 214
"../../../Engine/Content/EditorLandscapeResources/DefaultAlphaTexture.uexp" 215
"../../../Engine/Content/BasicShapes/BasicShapeMaterial.uasset" 216
"../../../Engine/Content/BasicShapes/BasicShapeMaterial.uexp" 217
"../../../Engine/Plugins/Runtime/MeshModelingToolset/Content/Materials/M_DynamicMeshComponentVtxColor.uasset" 218
"../../../Engine/Plugins/Runtime/MeshModelingToolset/Content/Materials/M_DynamicMeshComponentVtxColor.uexp" 219
"../../../Engine/Plugins/Runtime/HairStrands/Content/Materials/HairMeshesDefaultMaterial.uasset" 220
"../../../Engine/Plugins/Runtime/HairStrands/Content/Materials/HairMeshesDefaultMaterial.uexp" 221
"../../../Engine/Plugins/Runtime/HairStrands/Content/Materials/HairDefaultMaterial.uasset" 222
"../../../Engine/Plugins/Runtime/HairStrands/Content/Materials/HairDefaultMaterial.uexp" 223
"../../../Engine/Plugins/Runtime/HairStrands/Content/Materials/HairGroupColors.uasset" 224
"../../../Engine/Plugins/Runtime/HairStrands/Content/Materials/HairGroupColors.uexp" 225
"../../../Engine/Content/Functions/Engine_MaterialFunctions02/Utility/MakeFloat2.uasset" 226
"../../../Engine/Content/Functions/Engine_MaterialFunctions02/Utility/MakeFloat2.uexp" 227
"../../../Engine/Content/Functions/Engine_MaterialFunctions02/Utility/MakeFloat3.uasset" 228
"../../../Engine/Content/Functions/Engine_MaterialFunctions02/Utility/MakeFloat3.uexp" 229
"../../../Engine/Content/EngineMaterials/HairColorMap.uasset" 230
"../../../Engine/Content/EngineMaterials/HairColorMap.uexp" 231
"../../../Engine/Content/EngineMaterials/HairDebugColor.uasset" 232
"../../../Engine/Content/EngineMaterials/HairDebugColor.uexp" 233
"../../../Engine/Plugins/Runtime/HairStrands/Content/Materials/HairDebugMaterial.uasset" 234
"../../../Engine/Plugins/Runtime/HairStrands/Content/Materials/HairDebugMaterial.uexp" 235
"../../../Engine/Plugins/Runtime/HairStrands/Content/Materials/HairCardsDefaultMaterial.uasset" 236
"../../../Engine/Plugins/Runtime/HairStrands/Content/Materials/HairCardsDefaultMaterial.uexp" 237
"../../../Engine/Plugins/Runtime/AudioWidgets/Content/Resources/ScrubHandleDown_Clamped.uasset" 238
"../../../Engine/Plugins/Runtime/AudioWidgets/Content/Resources/ScrubHandleDown_Clamped.uexp" 239
"../../../Engine/Plugins/Interchange/Assets/Content/Functions/MX_UsdPreviewSurface.uasset" 240
"../../../Engine/Plugins/Interchange/Assets/Content/Functions/MX_UsdPreviewSurface.uexp" 241
"../../../Engine/Plugins/Interchange/Assets/Content/Functions/MX_UniformEDF.uasset" 242
"../../../Engine/Plugins/Interchange/Assets/Content/Functions/MX_UniformEDF.uexp" 243
"../../../Engine/Plugins/Interchange/Assets/Content/Functions/MX_TranslucentBSDF.uasset" 244
"../../../Engine/Plugins/Interchange/Assets/Content/Functions/MX_TranslucentBSDF.uexp" 245
"../../../Engine/Plugins/Interchange/Assets/Content/Functions/MX_ThinFilmBSDF.uasset" 246
"../../../Engine/Plugins/Interchange/Assets/Content/Functions/MX_ThinFilmBSDF.uexp" 247
"../../../Engine/Plugins/Interchange/Assets/Content/Functions/MX_SurfaceUnlit.uasset" 248
"../../../Engine/Plugins/Interchange/Assets/Content/Functions/MX_SurfaceUnlit.uexp" 249
"../../../Engine/Plugins/Interchange/Assets/Content/Functions/MX_Surface.uasset" 250
"../../../Engine/Plugins/Interchange/Assets/Content/Functions/MX_Surface.uexp" 251
"../../../Engine/Plugins/Interchange/Assets/Content/Functions/MX_SubsurfaceBSDF.uasset" 252
"../../../Engine/Plugins/Interchange/Assets/Content/Functions/MX_SubsurfaceBSDF.uexp" 253
"../../../Engine/Plugins/Interchange/Assets/Content/Functions/MX_SheenBSDF.uasset" 254
"../../../Engine/Plugins/Interchange/Assets/Content/Functions/MX_SheenBSDF.uexp" 255
"../../../Engine/Plugins/Interchange/Assets/Content/Functions/MX_OrenNayarBSDF.uasset" 256
"../../../Engine/Plugins/Interchange/Assets/Content/Functions/MX_OrenNayarBSDF.uexp" 257
"../../../Engine/Plugins/Interchange/Assets/Content/Utilities/New_LUT.uasset" 258
"../../../Engine/Plugins/Interchange/Assets/Content/Utilities/New_LUT.uexp" 259
"../../../Engine/Content/Functions/Engine_MaterialFunctions03/Math/RemapValueRange.uasset" 260
"../../../Engine/Content/Functions/Engine_MaterialFunctions03/Math/RemapValueRange.uexp" 261
"../../../Engine/Plugins/Interchange/Assets/Content/Functions/MF_Iridescence.uasset" 262
"../../../Engine/Plugins/Interchange/Assets/Content/Functions/MF_Iridescence.uexp" 263
"../../../Engine/Plugins/Interchange/Assets/Content/Functions/MX_StandardSurface.uasset" 264
"../../../Engine/Plugins/Interchange/Assets/Content/Functions/MX_StandardSurface.uexp" 265
"../../../Engine/Plugins/Interchange/Assets/Content/Functions/MX_TransmissionSurface.uasset" 266
"../../../Engine/Plugins/Interchange/Assets/Content/Functions/MX_TransmissionSurface.uexp" 267
"../../../Engine/Plugins/Interchange/Assets/Content/Functions/MX_OpenPBR_Translucent.uasset" 268
"../../../Engine/Plugins/Interchange/Assets/Content/Functions/MX_OpenPBR_Translucent.uexp" 269
"../../../Engine/Plugins/Interchange/Assets/Content/Functions/MX_OpenPBR_Opaque.uasset" 270
"../../../Engine/Plugins/Interchange/Assets/Content/Functions/MX_OpenPBR_Opaque.uexp" 271
"../../../Engine/Plugins/Interchange/Assets/Content/Functions/MX_MeasuredEDF.uasset" 272
"../../../Engine/Plugins/Interchange/Assets/Content/Functions/MX_MeasuredEDF.uexp" 273
"../../../Engine/Plugins/Interchange/Assets/Content/Functions/MX_GeneralizedSchlickBSDF.uasset" 274
"../../../Engine/Plugins/Interchange/Assets/Content/Functions/MX_GeneralizedSchlickBSDF.uexp" 275
"../../../Engine/Plugins/Interchange/Assets/Content/Functions/MX_DielectricBSDF.uasset" 276
"../../../Engine/Plugins/Interchange/Assets/Content/Functions/MX_DielectricBSDF.uexp" 277
"../../../Engine/Plugins/Interchange/Assets/Content/Functions/MX_ConicalEDF.uasset" 278
"../../../Engine/Plugins/Interchange/Assets/Content/Functions/MX_ConicalEDF.uexp" 279
"../../../Engine/Plugins/Interchange/Assets/Content/Functions/MX_ConductorBSDF.uasset" 280
"../../../Engine/Plugins/Interchange/Assets/Content/Functions/MX_ConductorBSDF.uexp" 281
"../../../Engine/Plugins/Interchange/Assets/Content/Functions/MX_BurleyDiffuseBSDF.uasset" 282
"../../../Engine/Plugins/Interchange/Assets/Content/Functions/MX_BurleyDiffuseBSDF.uexp" 283
"../../../Engine/Plugins/Interchange/Assets/Content/Functions/MX_AnisotropicVDF.uasset" 284
"../../../Engine/Plugins/Interchange/Assets/Content/Functions/MX_AnisotropicVDF.uexp" 285
"../../../Engine/Plugins/Interchange/Assets/Content/Functions/MX_AbsorptionVDF.uasset" 286
"../../../Engine/Plugins/Interchange/Assets/Content/Functions/MX_AbsorptionVDF.uexp" 287
"../../../Engine/Plugins/Editor/SpeedTreeImporter/Content/SpeedTree9/game_wind_noise.ubulk" 288
"../../../Engine/Plugins/Editor/SpeedTreeImporter/Content/SpeedTree9/game_wind_noise.uasset" 289
"../../../Engine/Plugins/Editor/SpeedTreeImporter/Content/SpeedTree9/game_wind_noise.uexp" 290
"../../../Engine/Plugins/Editor/SpeedTreeImporter/Content/SpeedTree9/UnpackDirection.uasset" 291
"../../../Engine/Plugins/Editor/SpeedTreeImporter/Content/SpeedTree9/UnpackDirection.uexp" 292
"../../../Engine/Content/Functions/Engine_MaterialFunctions02/ObjectLocalBounds.uasset" 293
"../../../Engine/Content/Functions/Engine_MaterialFunctions02/ObjectLocalBounds.uexp" 294
"../../../Engine/Content/Functions/Engine_MaterialFunctions02/Utility/BreakOutFloat3Components.uasset" 295
"../../../Engine/Content/Functions/Engine_MaterialFunctions02/Utility/BreakOutFloat3Components.uexp" 296
"../../../Engine/Content/Functions/Engine_MaterialFunctions02/UVs/BoundingBoxBased_0-1_UVW.uasset" 297
"../../../Engine/Content/Functions/Engine_MaterialFunctions02/UVs/BoundingBoxBased_0-1_UVW.uexp" 298
"../../../Engine/Content/Functions/Engine_MaterialFunctions02/Utility/VectorLength.uasset" 299
"../../../Engine/Content/Functions/Engine_MaterialFunctions02/Utility/VectorLength.uexp" 300
"../../../Engine/Plugins/Editor/SpeedTreeImporter/Content/SpeedTree9/UnpackInteger3.uasset" 301
"../../../Engine/Plugins/Editor/SpeedTreeImporter/Content/SpeedTree9/UnpackInteger3.uexp" 302
"../../../Engine/Plugins/Editor/SpeedTreeImporter/Content/SpeedTree9/SpeedTreeCameraFacing.uasset" 303
"../../../Engine/Plugins/Editor/SpeedTreeImporter/Content/SpeedTree9/SpeedTreeCameraFacing.uexp" 304
"../../../Engine/Content/Functions/Engine_MaterialFunctions02/WorldPositionOffset/ObjectScale.uasset" 305
"../../../Engine/Content/Functions/Engine_MaterialFunctions02/WorldPositionOffset/ObjectScale.uexp" 306
"../../../Engine/Content/Functions/Engine_MaterialFunctions02/SafeNormalize.uasset" 307
"../../../Engine/Content/Functions/Engine_MaterialFunctions02/SafeNormalize.uexp" 308
"../../../Engine/Plugins/Editor/SpeedTreeImporter/Content/SpeedTree9/SpeedTreeWindMotion.uasset" 309
"../../../Engine/Plugins/Editor/SpeedTreeImporter/Content/SpeedTree9/SpeedTreeWindMotion.uexp" 310
"../../../Engine/Plugins/Editor/SpeedTreeImporter/Content/SpeedTree9/SpeedTreeBranchMotion.uasset" 311
"../../../Engine/Plugins/Editor/SpeedTreeImporter/Content/SpeedTree9/SpeedTreeBranchMotion.uexp" 312
"../../../Engine/Plugins/Editor/SpeedTreeImporter/Content/SpeedTree9/SpeedTreeWind.uasset" 313
"../../../Engine/Plugins/Editor/SpeedTreeImporter/Content/SpeedTree9/SpeedTreeWind.uexp" 314
"../../../Engine/Plugins/Editor/SpeedTreeImporter/Content/SpeedTree9/EmptyNormal.uasset" 315
"../../../Engine/Plugins/Editor/SpeedTreeImporter/Content/SpeedTree9/EmptyNormal.uexp" 316
"../../../Engine/Plugins/Editor/SpeedTreeImporter/Content/SpeedTree9/Empty.uasset" 317
"../../../Engine/Plugins/Editor/SpeedTreeImporter/Content/SpeedTree9/Empty.uexp" 318
"../../../Engine/Plugins/Editor/SpeedTreeImporter/Content/SpeedTree9/SpeedTreeMaster.uasset" 319
"../../../Engine/Plugins/Editor/SpeedTreeImporter/Content/SpeedTree9/SpeedTreeMaster.uexp" 320
"../../../Engine/Plugins/Editor/SpeedTreeImporter/Content/SpeedTree9/SpeedTreeBillboard.uasset" 321
"../../../Engine/Plugins/Editor/SpeedTreeImporter/Content/SpeedTree9/SpeedTreeBillboard.uexp" 322
"../../../Engine/Plugins/Editor/SpeedTreeImporter/Content/SpeedTree9/SpeedTreeBillboardMaster.uasset" 323
"../../../Engine/Plugins/Editor/SpeedTreeImporter/Content/SpeedTree9/SpeedTreeBillboardMaster.uexp" 324
"../../../Engine/Content/EngineResources/FilmGrains/Marcie_Grain_v3_128_M2_000.uasset" 325
"../../../Engine/Content/EngineResources/FilmGrains/Marcie_Grain_v3_128_M2_000.uexp" 326
"../../../Engine/Content/EngineMaterials/LTC/Sheen_LTC.uasset" 327
"../../../Engine/Content/EngineMaterials/LTC/Sheen_LTC.uexp" 328
"../../../Engine/Content/EngineMaterials/LTC/GGX_LTCMat.uasset" 329
"../../../Engine/Content/EngineMaterials/LTC/GGX_LTCMat.uexp" 330
"../../../Engine/Content/EngineMaterials/LTC/GGX_LTCAmp.uasset" 331
"../../../Engine/Content/EngineMaterials/LTC/GGX_LTCAmp.uexp" 332
"../../../Engine/Content/EngineMaterials/EnergyConservation/Sheen_Energy.uasset" 333
"../../../Engine/Content/EngineMaterials/EnergyConservation/Sheen_Energy.uexp" 334
"../../../Engine/Content/EngineMaterials/EnergyConservation/SheenLegacy_Energy.uasset" 335
"../../../Engine/Content/EngineMaterials/EnergyConservation/SheenLegacy_Energy.uexp" 336
"../../../Engine/Content/EngineMaterials/EnergyConservation/GGX_TransmissionEnergyArray.uasset" 337
"../../../Engine/Content/EngineMaterials/EnergyConservation/GGX_TransmissionEnergyArray.uexp" 338
"../../../Engine/Content/EngineMaterials/EnergyConservation/GGX_ReflectionEnergy.uasset" 339
"../../../Engine/Content/EngineMaterials/EnergyConservation/GGX_ReflectionEnergy.uexp" 340
"../../../Engine/Content/EngineMaterials/EnergyConservation/Diffuse_Energy.uasset" 341
"../../../Engine/Content/EngineMaterials/EnergyConservation/Diffuse_Energy.uexp" 342
"../../../Engine/Content/EditorResources/SequenceRecorder/RecordingIndicator.uasset" 343
"../../../Engine/Content/EditorResources/SequenceRecorder/RecordingIndicator.uexp" 344
"../../../Engine/Content/EditorResources/SequenceRecorder/Countdown.uasset" 345
"../../../Engine/Content/EditorResources/SequenceRecorder/Countdown.uexp" 346
"../../../Engine/Content/EditorMaterials/ParticleSystems/PSysThumbnail_OOD.ubulk" 347
"../../../Engine/Content/EditorMaterials/ParticleSystems/PSysThumbnail_OOD.uasset" 348
"../../../Engine/Content/EditorMaterials/ParticleSystems/PSysThumbnail_OOD.uexp" 349
"../../../Engine/Content/EditorMaterials/ParticleSystems/PSysThumbnail_NoImage.ubulk" 350
"../../../Engine/Content/EditorMaterials/ParticleSystems/PSysThumbnail_NoImage.uasset" 351
"../../../Engine/Content/EditorMaterials/ParticleSystems/PSysThumbnail_NoImage.uexp" 352
"../../../Engine/Content/EditorMaterials/Dataflow/DataflowVertexMaterial.uasset" 353
"../../../Engine/Content/EditorMaterials/Dataflow/DataflowVertexMaterial.uexp" 354
"../../../Engine/Content/EditorMaterials/Dataflow/DataflowTwoSidedVertexMaterial.uasset" 355
"../../../Engine/Content/EditorMaterials/Dataflow/DataflowTwoSidedVertexMaterial.uexp" 356
"../../../Engine/Content/Functions/Engine_MaterialFunctions01/Shading/PowerToRoughness.uasset" 357
"../../../Engine/Content/Functions/Engine_MaterialFunctions01/Shading/PowerToRoughness.uexp" 358
"../../../Engine/Content/Functions/Engine_MaterialFunctions01/Shading/ConvertFromDiffSpec.uasset" 359
"../../../Engine/Content/Functions/Engine_MaterialFunctions01/Shading/ConvertFromDiffSpec.uexp" 360
"../../../Engine/Content/EngineMaterials/Substrate/Volume/SubstrateSimpleVolumeLUT3D.uasset" 361
"../../../Engine/Content/EngineMaterials/Substrate/Volume/SubstrateSimpleVolumeLUT3D.uexp" 362
"../../../Engine/Content/EngineMaterials/Substrate/Volume/SubstrateSimpleVolumeEnvLUT3D.uasset" 363
"../../../Engine/Content/EngineMaterials/Substrate/Volume/SubstrateSimpleVolumeEnvLUT3D.uexp" 364
"../../../Engine/Content/EngineMaterials/Substrate/GLints2/AGlintTex2dArray2.uasset" 365
"../../../Engine/Content/EngineMaterials/Substrate/GLints2/AGlintTex2dArray2.uexp" 366
"../../../Engine/Content/EngineMaterials/Substrate/GLints/AGlintTex2dArray.uasset" 367
"../../../Engine/Content/EngineMaterials/Substrate/GLints/AGlintTex2dArray.uexp" 368
"../../../Engine/Content/EngineMeshes/Sphere.ubulk" 369
"../../../Engine/Content/EngineMeshes/Sphere.uasset" 370
"../../../Engine/Content/EngineMeshes/Sphere.uexp" 371
"../../../Engine/Content/EngineMaterials/T_Default_Material_Grid_M.ubulk" 372
"../../../Engine/Content/EngineMaterials/T_Default_Material_Grid_M.uasset" 373
"../../../Engine/Content/EngineMaterials/T_Default_Material_Grid_M.uexp" 374
"../../../Engine/Content/EngineMaterials/T_Default_Material_Grid_N.ubulk" 375
"../../../Engine/Content/EngineMaterials/T_Default_Material_Grid_N.uasset" 376
"../../../Engine/Content/EngineMaterials/T_Default_Material_Grid_N.uexp" 377
"../../../Engine/Content/Functions/Engine_MaterialFunctions01/Opacity/CameraDepthFade.uasset" 378
"../../../Engine/Content/Functions/Engine_MaterialFunctions01/Opacity/CameraDepthFade.uexp" 379
"../../../Engine/Content/EngineMaterials/WorldGridMaterial.uasset" 380
"../../../Engine/Content/EngineMaterials/WorldGridMaterial.uexp" 381
"../../../Engine/Content/ArtTools/RenderToTexture/Meshes/S_1_Unit_Plane.ubulk" 382
"../../../Engine/Content/ArtTools/RenderToTexture/Meshes/S_1_Unit_Plane.uasset" 383
"../../../Engine/Content/ArtTools/RenderToTexture/Meshes/S_1_Unit_Plane.uexp" 384
"../../../Engine/Content/EditorMaterials/Camera/CineMat.uasset" 385
"../../../Engine/Content/EditorMaterials/Camera/CineMat.uexp" 386
"../../../Engine/Content/EditorMaterials/Camera/MI_CineMat_Rig.uasset" 387
"../../../Engine/Content/EditorMaterials/Camera/MI_CineMat_Rig.uexp" 388
"../../../Engine/Content/EditorMeshes/Camera/SM_CraneRig_Arm.ubulk" 389
"../../../Engine/Content/EditorMeshes/Camera/SM_CraneRig_Arm.uasset" 390
"../../../Engine/Content/EditorMeshes/Camera/SM_CraneRig_Arm.uexp" 391
"../../../Engine/Content/EditorMeshes/Camera/SM_CraneRig_Base.ubulk" 392
"../../../Engine/Content/EditorMeshes/Camera/SM_CraneRig_Base.uasset" 393
"../../../Engine/Content/EditorMeshes/Camera/SM_CraneRig_Base.uexp" 394
"../../../Engine/Content/EditorMeshes/Camera/SM_CraneRig_Body.ubulk" 395
"../../../Engine/Content/EditorMeshes/Camera/SM_CraneRig_Body.uasset" 396
"../../../Engine/Content/EditorMeshes/Camera/SM_CraneRig_Body.uexp" 397
"../../../Engine/Content/EditorMeshes/Camera/SM_CraneRig_Mount.ubulk" 398
"../../../Engine/Content/EditorMeshes/Camera/SM_CraneRig_Mount.uasset" 399
"../../../Engine/Content/EditorMeshes/Camera/SM_CraneRig_Mount.uexp" 400
"../../../Engine/Content/EditorMeshes/Camera/SM_RailRig_Mount.ubulk" 401
"../../../Engine/Content/EditorMeshes/Camera/SM_RailRig_Mount.uasset" 402
"../../../Engine/Content/EditorMeshes/Camera/SM_RailRig_Mount.uexp" 403
"../../../Engine/Content/EditorMeshes/Camera/SM_RailRig_Track.ubulk" 404
"../../../Engine/Content/EditorMeshes/Camera/SM_RailRig_Track.uasset" 405
"../../../Engine/Content/EditorMeshes/Camera/SM_RailRig_Track.uexp" 406
"../../../Engine/Content/EngineSky/VolumetricClouds/T_CloudMask.ubulk" 407
"../../../Engine/Content/EngineSky/VolumetricClouds/T_CloudMask.uasset" 408
"../../../Engine/Content/EngineSky/VolumetricClouds/T_CloudMask.uexp" 409
"../../../Engine/Content/EngineSky/VolumetricClouds/VT_Lightning.uasset" 410
"../../../Engine/Content/EngineSky/VolumetricClouds/VT_Lightning.uexp" 411
"../../../Engine/Content/EngineSky/VolumetricClouds/T_Profile_08.ubulk" 412
"../../../Engine/Content/EngineSky/VolumetricClouds/T_Profile_08.uasset" 413
"../../../Engine/Content/EngineSky/VolumetricClouds/T_Profile_08.uexp" 414
"../../../Engine/Content/Functions/Engine_MaterialFunctions02/Utility/MakeFloat4.uasset" 415
"../../../Engine/Content/Functions/Engine_MaterialFunctions02/Utility/MakeFloat4.uexp" 416
"../../../Engine/Content/Functions/Engine_MaterialFunctions01/Units/Km-to-Cm.uasset" 417
"../../../Engine/Content/Functions/Engine_MaterialFunctions01/Units/Km-to-Cm.uexp" 418
"../../../Engine/Content/Functions/Engine_MaterialFunctions02/Utility/BreakOutFloat4Components.uasset" 419
"../../../Engine/Content/Functions/Engine_MaterialFunctions02/Utility/BreakOutFloat4Components.uexp" 420
"../../../Engine/Content/EngineSky/VolumetricClouds/T_CloudPattern.ubulk" 421
"../../../Engine/Content/EngineSky/VolumetricClouds/T_CloudPattern.uasset" 422
"../../../Engine/Content/EngineSky/VolumetricClouds/T_CloudPattern.uexp" 423
"../../../Engine/Content/EngineSky/VolumetricClouds/VT_PerlinWorley_Balanced.uasset" 424
"../../../Engine/Content/EngineSky/VolumetricClouds/VT_PerlinWorley_Balanced.uexp" 425
"../../../Engine/Content/EngineSky/VolumetricClouds/m_SimpleVolumetricCloud.uasset" 426
"../../../Engine/Content/EngineSky/VolumetricClouds/m_SimpleVolumetricCloud.uexp" 427
"../../../Engine/Content/EngineSky/VolumetricClouds/m_SimpleVolumetricCloud_Inst.uasset" 428
"../../../Engine/Content/EngineSky/VolumetricClouds/m_SimpleVolumetricCloud_Inst.uexp" 429
"../../../Engine/Content/VREditor/LaserPointer/VR_LaserPower_01.ubulk" 430
"../../../Engine/Content/VREditor/LaserPointer/VR_LaserPower_01.uasset" 431
"../../../Engine/Content/VREditor/LaserPointer/VR_LaserPower_01.uexp" 432
"../../../Engine/Content/VREditor/TransformGizmo/TransformGizmoMaterial.uasset" 433
"../../../Engine/Content/VREditor/TransformGizmo/TransformGizmoMaterial.uexp" 434
"../../../Engine/Content/VREditor/TransformGizmo/TranslucentTransformGizmoMaterial.uasset" 435
"../../../Engine/Content/VREditor/TransformGizmo/TranslucentTransformGizmoMaterial.uexp" 436
"../../../Engine/Content/VREditor/TransformGizmo/BoundingBoxCorner.ubulk" 437
"../../../Engine/Content/VREditor/TransformGizmo/BoundingBoxCorner.uasset" 438
"../../../Engine/Content/VREditor/TransformGizmo/BoundingBoxCorner.uexp" 439
"../../../Engine/Content/VREditor/TransformGizmo/BoundingBoxEdge.ubulk" 440
"../../../Engine/Content/VREditor/TransformGizmo/BoundingBoxEdge.uasset" 441
"../../../Engine/Content/VREditor/TransformGizmo/BoundingBoxEdge.uexp" 442
"../../../Engine/Content/VREditor/TransformGizmo/Main.uasset" 443
"../../../Engine/Content/VREditor/TransformGizmo/Main.uexp" 444
"../../../Engine/Content/VREditor/TransformGizmo/Xray.uasset" 445
"../../../Engine/Content/VREditor/TransformGizmo/Xray.uexp" 446
"../../../Engine/Content/VREditor/TransformGizmo/SM_Sequencer_Node.ubulk" 447
"../../../Engine/Content/VREditor/TransformGizmo/SM_Sequencer_Node.uasset" 448
"../../../Engine/Content/VREditor/TransformGizmo/SM_Sequencer_Node.uexp" 449
"../../../Engine/Content/Functions/Engine_MaterialFunctions02/Math/Transform3x3Matrix.uasset" 450
"../../../Engine/Content/Functions/Engine_MaterialFunctions02/Math/Transform3x3Matrix.uexp" 451
"../../../Engine/Plugins/Interchange/Assets/Content/gltf/Textures/T_White_srgb.uasset" 452
"../../../Engine/Plugins/Interchange/Assets/Content/gltf/Textures/T_White_srgb.uexp" 453
"../../../Engine/Plugins/Interchange/Assets/Content/gltf/MaterialFunctions/MF_Specular.uasset" 454
"../../../Engine/Plugins/Interchange/Assets/Content/gltf/MaterialFunctions/MF_Specular.uexp" 455
"../../../Engine/Plugins/Interchange/Assets/Content/gltf/Textures/T_Anisotropy_Direction_Linear.uasset" 456
"../../../Engine/Plugins/Interchange/Assets/Content/gltf/Textures/T_Anisotropy_Direction_Linear.uexp" 457
"../../../Engine/Plugins/Interchange/Assets/Content/gltf/MaterialFunctions/MF_SpecularAnisotropy.uasset" 458
"../../../Engine/Plugins/Interchange/Assets/Content/gltf/MaterialFunctions/MF_SpecularAnisotropy.uexp" 459
"../../../Engine/Plugins/Interchange/Assets/Content/gltf/Textures/T_White_Linear.uasset" 460
"../../../Engine/Plugins/Interchange/Assets/Content/gltf/Textures/T_White_Linear.uexp" 461
"../../../Engine/Plugins/Interchange/Assets/Content/gltf/MaterialFunctions/MF_MetallicRoughness.uasset" 462
"../../../Engine/Plugins/Interchange/Assets/Content/gltf/MaterialFunctions/MF_MetallicRoughness.uexp" 463
"../../../Engine/Plugins/Interchange/Assets/Content/gltf/Textures/T_Generic_N.uasset" 464
"../../../Engine/Plugins/Interchange/Assets/Content/gltf/Textures/T_Generic_N.uexp" 465
"../../../Engine/Plugins/Interchange/Assets/Content/gltf/MaterialFunctions/MF_ScaleNormal.uasset" 466
"../../../Engine/Plugins/Interchange/Assets/Content/gltf/MaterialFunctions/MF_ScaleNormal.uexp" 467
"../../../Engine/Plugins/Interchange/Assets/Content/gltf/MaterialFunctions/MF_BaseColor.uasset" 468
"../../../Engine/Plugins/Interchange/Assets/Content/gltf/MaterialFunctions/MF_BaseColor.uexp" 469
"../../../Engine/Plugins/Interchange/Assets/Content/gltf/MaterialFunctions/MF_Iridescence.uasset" 470
"../../../Engine/Plugins/Interchange/Assets/Content/gltf/MaterialFunctions/MF_Iridescence.uexp" 471
"../../../Engine/Plugins/Interchange/Assets/Content/gltf/MaterialFunctions/MF_Occlusion.uasset" 472
"../../../Engine/Plugins/Interchange/Assets/Content/gltf/MaterialFunctions/MF_Occlusion.uexp" 473
"../../../Engine/Plugins/Interchange/Assets/Content/gltf/MaterialFunctions/MF_IOR.uasset" 474
"../../../Engine/Plugins/Interchange/Assets/Content/gltf/MaterialFunctions/MF_IOR.uexp" 475
"../../../Engine/Plugins/Interchange/Assets/Content/gltf/MaterialFunctions/MF_RotateV2.uasset" 476
"../../../Engine/Plugins/Interchange/Assets/Content/gltf/MaterialFunctions/MF_RotateV2.uexp" 477
"../../../Engine/Plugins/Interchange/Assets/Content/gltf/MaterialFunctions/MF_TransformUVs.uasset" 478
"../../../Engine/Plugins/Interchange/Assets/Content/gltf/MaterialFunctions/MF_TransformUVs.uexp" 479
"../../../Engine/Plugins/Interchange/Assets/Content/gltf/MaterialFunctions/MF_Emissive.uasset" 480
"../../../Engine/Plugins/Interchange/Assets/Content/gltf/MaterialFunctions/MF_Emissive.uexp" 481
"../../../Engine/Plugins/Interchange/Assets/Content/gltf/MaterialFunctions/MF_RotateNormals_TS.uasset" 482
"../../../Engine/Plugins/Interchange/Assets/Content/gltf/MaterialFunctions/MF_RotateNormals_TS.uexp" 483
"../../../Engine/Plugins/Interchange/Assets/Content/gltf/MaterialFunctions/MF_Normals.uasset" 484
"../../../Engine/Plugins/Interchange/Assets/Content/gltf/MaterialFunctions/MF_Normals.uexp" 485
"../../../Engine/Content/Functions/Engine_MaterialFunctions01/Texturing/FlattenNormal.uasset" 486
"../../../Engine/Content/Functions/Engine_MaterialFunctions01/Texturing/FlattenNormal.uexp" 487
"../../../Engine/Plugins/Interchange/Assets/Content/gltf/MaterialFunctions/MF_Clearcoat.uasset" 488
"../../../Engine/Plugins/Interchange/Assets/Content/gltf/MaterialFunctions/MF_Clearcoat.uexp" 489
"../../../Engine/Plugins/Interchange/Assets/Content/gltf/MaterialBodies/MF_ClearCoat_Body.uasset" 490
"../../../Engine/Plugins/Interchange/Assets/Content/gltf/MaterialBodies/MF_ClearCoat_Body.uexp" 491
"../../../Engine/Plugins/Interchange/Assets/Content/gltf/M_ClearCoat.uasset" 492
"../../../Engine/Plugins/Interchange/Assets/Content/gltf/M_ClearCoat.uexp" 493
"../../../Engine/Plugins/Interchange/Assets/Content/gltf/MaterialInstances/MI_ClearCoat_Blend.uasset" 494
"../../../Engine/Plugins/Interchange/Assets/Content/gltf/MaterialInstances/MI_ClearCoat_Blend.uexp" 495
"../../../Engine/Plugins/Interchange/Assets/Content/gltf/MaterialInstances/MI_ClearCoat_Blend_DS.uasset" 496
"../../../Engine/Plugins/Interchange/Assets/Content/gltf/MaterialInstances/MI_ClearCoat_Blend_DS.uexp" 497
"../../../Engine/Plugins/Interchange/Assets/Content/gltf/MaterialInstances/MI_ClearCoat_Mask.uasset" 498
"../../../Engine/Plugins/Interchange/Assets/Content/gltf/MaterialInstances/MI_ClearCoat_Mask.uexp" 499
"../../../Engine/Plugins/Interchange/Assets/Content/gltf/MaterialInstances/MI_ClearCoat_Mask_DS.uasset" 500
"../../../Engine/Plugins/Interchange/Assets/Content/gltf/MaterialInstances/MI_ClearCoat_Mask_DS.uexp" 501
"../../../Engine/Plugins/Interchange/Assets/Content/gltf/MaterialInstances/MI_ClearCoat_Opaque.uasset" 502
"../../../Engine/Plugins/Interchange/Assets/Content/gltf/MaterialInstances/MI_ClearCoat_Opaque.uexp" 503
"../../../Engine/Plugins/Interchange/Assets/Content/gltf/MaterialInstances/MI_ClearCoat_Opaque_DS.uasset" 504
"../../../Engine/Plugins/Interchange/Assets/Content/gltf/MaterialInstances/MI_ClearCoat_Opaque_DS.uexp" 505
"../../../Engine/Plugins/Interchange/Assets/Content/gltf/MaterialBodies/MF_Default_Body.uasset" 506
"../../../Engine/Plugins/Interchange/Assets/Content/gltf/MaterialBodies/MF_Default_Body.uexp" 507
"../../../Engine/Plugins/Interchange/Assets/Content/gltf/M_Default.uasset" 508
"../../../Engine/Plugins/Interchange/Assets/Content/gltf/M_Default.uexp" 509
"../../../Engine/Plugins/Interchange/Assets/Content/gltf/MaterialInstances/MI_Default_Blend.uasset" 510
"../../../Engine/Plugins/Interchange/Assets/Content/gltf/MaterialInstances/MI_Default_Blend.uexp" 511
"../../../Engine/Plugins/Interchange/Assets/Content/gltf/MaterialInstances/MI_Default_Blend_DS.uasset" 512
"../../../Engine/Plugins/Interchange/Assets/Content/gltf/MaterialInstances/MI_Default_Blend_DS.uexp" 513
"../../../Engine/Plugins/Interchange/Assets/Content/gltf/MaterialInstances/MI_Default_Mask.uasset" 514
"../../../Engine/Plugins/Interchange/Assets/Content/gltf/MaterialInstances/MI_Default_Mask.uexp" 515
"../../../Engine/Plugins/Interchange/Assets/Content/gltf/MaterialInstances/MI_Default_Mask_DS.uasset" 516
"../../../Engine/Plugins/Interchange/Assets/Content/gltf/MaterialInstances/MI_Default_Mask_DS.uexp" 517
"../../../Engine/Plugins/Interchange/Assets/Content/gltf/MaterialInstances/MI_Default_Opaque.uasset" 518
"../../../Engine/Plugins/Interchange/Assets/Content/gltf/MaterialInstances/MI_Default_Opaque.uexp" 519
"../../../Engine/Plugins/Interchange/Assets/Content/gltf/MaterialInstances/MI_Default_Opaque_DS.uasset" 520
"../../../Engine/Plugins/Interchange/Assets/Content/gltf/MaterialInstances/MI_Default_Opaque_DS.uexp" 521
"../../../Engine/Plugins/Interchange/Assets/Content/gltf/MaterialFunctions/MF_Sheen.uasset" 522
"../../../Engine/Plugins/Interchange/Assets/Content/gltf/MaterialFunctions/MF_Sheen.uexp" 523
"../../../Engine/Plugins/Interchange/Assets/Content/gltf/MaterialBodies/MF_Sheen_Body.uasset" 524
"../../../Engine/Plugins/Interchange/Assets/Content/gltf/MaterialBodies/MF_Sheen_Body.uexp" 525
"../../../Engine/Plugins/Interchange/Assets/Content/gltf/M_Sheen.uasset" 526
"../../../Engine/Plugins/Interchange/Assets/Content/gltf/M_Sheen.uexp" 527
"../../../Engine/Plugins/Interchange/Assets/Content/gltf/MaterialInstances/MI_Sheen_Blend.uasset" 528
"../../../Engine/Plugins/Interchange/Assets/Content/gltf/MaterialInstances/MI_Sheen_Blend.uexp" 529
"../../../Engine/Plugins/Interchange/Assets/Content/gltf/MaterialInstances/MI_Sheen_Blend_DS.uasset" 530
"../../../Engine/Plugins/Interchange/Assets/Content/gltf/MaterialInstances/MI_Sheen_Blend_DS.uexp" 531
"../../../Engine/Plugins/Interchange/Assets/Content/gltf/MaterialInstances/MI_Sheen_Mask.uasset" 532
"../../../Engine/Plugins/Interchange/Assets/Content/gltf/MaterialInstances/MI_Sheen_Mask.uexp" 533
"../../../Engine/Plugins/Interchange/Assets/Content/gltf/MaterialInstances/MI_Sheen_Mask_DS.uasset" 534
"../../../Engine/Plugins/Interchange/Assets/Content/gltf/MaterialInstances/MI_Sheen_Mask_DS.uexp" 535
"../../../Engine/Plugins/Interchange/Assets/Content/gltf/MaterialInstances/MI_Sheen_Opaque.uasset" 536
"../../../Engine/Plugins/Interchange/Assets/Content/gltf/MaterialInstances/MI_Sheen_Opaque.uexp" 537
"../../../Engine/Plugins/Interchange/Assets/Content/gltf/MaterialInstances/MI_Sheen_Opaque_DS.uasset" 538
"../../../Engine/Plugins/Interchange/Assets/Content/gltf/MaterialInstances/MI_Sheen_Opaque_DS.uexp" 539
"../../../Engine/Content/Functions/Engine_MaterialFunctions02/Math/AddComponents.uasset" 540
"../../../Engine/Content/Functions/Engine_MaterialFunctions02/Math/AddComponents.uexp" 541
"../../../Engine/Plugins/Interchange/Assets/Content/gltf/MaterialFunctions/MF_DiffuseSpecGloss.uasset" 542
"../../../Engine/Plugins/Interchange/Assets/Content/gltf/MaterialFunctions/MF_DiffuseSpecGloss.uexp" 543
"../../../Engine/Plugins/Interchange/Assets/Content/gltf/MaterialFunctions/MF_PerceivedBrightness.uasset" 544
"../../../Engine/Plugins/Interchange/Assets/Content/gltf/MaterialFunctions/MF_PerceivedBrightness.uexp" 545
"../../../Engine/Plugins/Interchange/Assets/Content/gltf/MaterialFunctions/MF_SpecGlossToMetalRoughness.uasset" 546
"../../../Engine/Plugins/Interchange/Assets/Content/gltf/MaterialFunctions/MF_SpecGlossToMetalRoughness.uexp" 547
"../../../Engine/Plugins/Interchange/Assets/Content/gltf/MaterialFunctions/MF_MaxComponentValue.uasset" 548
"../../../Engine/Plugins/Interchange/Assets/Content/gltf/MaterialFunctions/MF_MaxComponentValue.uexp" 549
"../../../Engine/Plugins/Interchange/Assets/Content/gltf/MaterialBodies/MF_SpecularGlossiness_Body.uasset" 550
"../../../Engine/Plugins/Interchange/Assets/Content/gltf/MaterialBodies/MF_SpecularGlossiness_Body.uexp" 551
"../../../Engine/Plugins/Interchange/Assets/Content/gltf/M_SpecularGlossiness.uasset" 552
"../../../Engine/Plugins/Interchange/Assets/Content/gltf/M_SpecularGlossiness.uexp" 553
"../../../Engine/Plugins/Interchange/Assets/Content/gltf/MaterialInstances/MI_SpecularGlossiness_Blend.uasset" 554
"../../../Engine/Plugins/Interchange/Assets/Content/gltf/MaterialInstances/MI_SpecularGlossiness_Blend.uexp" 555
"../../../Engine/Plugins/Interchange/Assets/Content/gltf/MaterialInstances/MI_SpecularGlossiness_Blend_DS.uasset" 556
"../../../Engine/Plugins/Interchange/Assets/Content/gltf/MaterialInstances/MI_SpecularGlossiness_Blend_DS.uexp" 557
"../../../Engine/Plugins/Interchange/Assets/Content/gltf/MaterialInstances/MI_SpecularGlossiness_Mask.uasset" 558
"../../../Engine/Plugins/Interchange/Assets/Content/gltf/MaterialInstances/MI_SpecularGlossiness_Mask.uexp" 559
"../../../Engine/Plugins/Interchange/Assets/Content/gltf/MaterialInstances/MI_SpecularGlossiness_Mask_DS.uasset" 560
"../../../Engine/Plugins/Interchange/Assets/Content/gltf/MaterialInstances/MI_SpecularGlossiness_Mask_DS.uexp" 561
"../../../Engine/Plugins/Interchange/Assets/Content/gltf/MaterialInstances/MI_SpecularGlossiness_Opaque.uasset" 562
"../../../Engine/Plugins/Interchange/Assets/Content/gltf/MaterialInstances/MI_SpecularGlossiness_Opaque.uexp" 563
"../../../Engine/Plugins/Interchange/Assets/Content/gltf/MaterialInstances/MI_SpecularGlossiness_Opaque_DS.uasset" 564
"../../../Engine/Plugins/Interchange/Assets/Content/gltf/MaterialInstances/MI_SpecularGlossiness_Opaque_DS.uexp" 565
"../../../Engine/Content/EngineMaterials/Good64x64TilingNoiseHighFreq.uasset" 566
"../../../Engine/Content/EngineMaterials/Good64x64TilingNoiseHighFreq.uexp" 567
"../../../Engine/Content/Functions/Engine_MaterialFunctions02/Texturing/ScreenAlignedPixelToPixelUVs.uasset" 568
"../../../Engine/Content/Functions/Engine_MaterialFunctions02/Texturing/ScreenAlignedPixelToPixelUVs.uexp" 569
"../../../Engine/Plugins/Interchange/Assets/Content/gltf/MaterialFunctions/MF_Temporal_Blur.uasset" 570
"../../../Engine/Plugins/Interchange/Assets/Content/gltf/MaterialFunctions/MF_Temporal_Blur.uexp" 571
"../../../Engine/Plugins/Interchange/Assets/Content/gltf/MaterialFunctions/MF_Fresnel_DS.uasset" 572
"../../../Engine/Plugins/Interchange/Assets/Content/gltf/MaterialFunctions/MF_Fresnel_DS.uexp" 573
"../../../Engine/Plugins/Interchange/Assets/Content/gltf/MaterialFunctions/MF_Transmission.uasset" 574
"../../../Engine/Plugins/Interchange/Assets/Content/gltf/MaterialFunctions/MF_Transmission.uexp" 575
"../../../Engine/Plugins/Interchange/Assets/Content/gltf/MaterialBodies/MF_Transmission_Body.uasset" 576
"../../../Engine/Plugins/Interchange/Assets/Content/gltf/MaterialBodies/MF_Transmission_Body.uexp" 577
"../../../Engine/Plugins/Interchange/Assets/Content/gltf/M_Transmission.uasset" 578
"../../../Engine/Plugins/Interchange/Assets/Content/gltf/M_Transmission.uexp" 579
"../../../Engine/Plugins/Interchange/Assets/Content/gltf/MaterialInstances/MI_Transmission.uasset" 580
"../../../Engine/Plugins/Interchange/Assets/Content/gltf/MaterialInstances/MI_Transmission.uexp" 581
"../../../Engine/Plugins/Interchange/Assets/Content/gltf/MaterialInstances/MI_Transmission_DS.uasset" 582
"../../../Engine/Plugins/Interchange/Assets/Content/gltf/MaterialInstances/MI_Transmission_DS.uexp" 583
"../../../Engine/Plugins/Interchange/Assets/Content/gltf/MaterialBodies/MF_Unlit_Body.uasset" 584
"../../../Engine/Plugins/Interchange/Assets/Content/gltf/MaterialBodies/MF_Unlit_Body.uexp" 585
"../../../Engine/Plugins/Interchange/Assets/Content/gltf/M_Unlit.uasset" 586
"../../../Engine/Plugins/Interchange/Assets/Content/gltf/M_Unlit.uexp" 587
"../../../Engine/Plugins/Interchange/Assets/Content/gltf/MaterialInstances/MI_Unlit_Blend.uasset" 588
"../../../Engine/Plugins/Interchange/Assets/Content/gltf/MaterialInstances/MI_Unlit_Blend.uexp" 589
"../../../Engine/Plugins/Interchange/Assets/Content/gltf/MaterialInstances/MI_Unlit_Blend_DS.uasset" 590
"../../../Engine/Plugins/Interchange/Assets/Content/gltf/MaterialInstances/MI_Unlit_Blend_DS.uexp" 591
"../../../Engine/Plugins/Interchange/Assets/Content/gltf/MaterialInstances/MI_Unlit_Mask.uasset" 592
"../../../Engine/Plugins/Interchange/Assets/Content/gltf/MaterialInstances/MI_Unlit_Mask.uexp" 593
"../../../Engine/Plugins/Interchange/Assets/Content/gltf/MaterialInstances/MI_Unlit_Mask_DS.uasset" 594
"../../../Engine/Plugins/Interchange/Assets/Content/gltf/MaterialInstances/MI_Unlit_Mask_DS.uexp" 595
"../../../Engine/Plugins/Interchange/Assets/Content/gltf/MaterialInstances/MI_Unlit_Opaque.uasset" 596
"../../../Engine/Plugins/Interchange/Assets/Content/gltf/MaterialInstances/MI_Unlit_Opaque.uexp" 597
"../../../Engine/Plugins/Interchange/Assets/Content/gltf/MaterialInstances/MI_Unlit_Opaque_DS.uasset" 598
"../../../Engine/Plugins/Interchange/Assets/Content/gltf/MaterialInstances/MI_Unlit_Opaque_DS.uexp" 599
"../../../Engine/Content/Functions/Engine_MaterialFunctions02/Texturing/CustomRotator.uasset" 600
"../../../Engine/Content/Functions/Engine_MaterialFunctions02/Texturing/CustomRotator.uexp" 601
"../../../Engine/Content/Functions/Engine_MaterialFunctions01/Texturing/ScaleUVsByCenter.uasset" 602
"../../../Engine/Content/Functions/Engine_MaterialFunctions01/Texturing/ScaleUVsByCenter.uexp" 603
"../../../Engine/Content/Functions/Engine_MaterialFunctions01/Gradient/GeneratedRoundRect.uasset" 604
"../../../Engine/Content/Functions/Engine_MaterialFunctions01/Gradient/GeneratedRoundRect.uexp" 605
"../../../Engine/Content/Functions/Engine_MaterialFunctions01/Gradient/SphereGradient-2D.uasset" 606
"../../../Engine/Content/Functions/Engine_MaterialFunctions01/Gradient/SphereGradient-2D.uexp" 607
"../../../Engine/Plugins/Runtime/AudioWidgets/Content/AudioMaterialSlate/Functions/MF_DotOutlined.uasset" 608
"../../../Engine/Plugins/Runtime/AudioWidgets/Content/AudioMaterialSlate/Functions/MF_DotOutlined.uexp" 609
"../../../Engine/Plugins/Runtime/AudioWidgets/Content/AudioMaterialSlate/M_AudioMaterialEnvelope_ADSR.uasset" 610
"../../../Engine/Plugins/Runtime/AudioWidgets/Content/AudioMaterialSlate/M_AudioMaterialEnvelope_ADSR.uexp" 611
"../../../Engine/Plugins/Runtime/AudioWidgets/Content/AudioMaterialSlate/MI_AudioMaterialEnvelope_ADSR.uasset" 612
"../../../Engine/Plugins/Runtime/AudioWidgets/Content/AudioMaterialSlate/MI_AudioMaterialEnvelope_ADSR.uexp" 613
"../../../Engine/Plugins/Runtime/AudioWidgets/Content/AudioMaterialSlate/Functions/MF_SingleLine_Smooth.uasset" 614
"../../../Engine/Plugins/Runtime/AudioWidgets/Content/AudioMaterialSlate/Functions/MF_SingleLine_Smooth.uexp" 615
"../../../Engine/Plugins/Runtime/AudioWidgets/Content/AudioMaterialSlate/Functions/MF_AngleGradient.uasset" 616
"../../../Engine/Plugins/Runtime/AudioWidgets/Content/AudioMaterialSlate/Functions/MF_AngleGradient.uexp" 617
"../../../Engine/Content/Functions/Engine_MaterialFunctions02/Lerp_3Color.uasset" 618
"../../../Engine/Content/Functions/Engine_MaterialFunctions02/Lerp_3Color.uexp" 619
"../../../Engine/Plugins/Runtime/AudioWidgets/Content/AudioMaterialSlate/M_AudioMaterialKnob.uasset" 620
"../../../Engine/Plugins/Runtime/AudioWidgets/Content/AudioMaterialSlate/M_AudioMaterialKnob.uexp" 621
"../../../Engine/Plugins/Runtime/AudioWidgets/Content/AudioMaterialSlate/MI_AudioMaterialKnob.uasset" 622
"../../../Engine/Plugins/Runtime/AudioWidgets/Content/AudioMaterialSlate/MI_AudioMaterialKnob.uexp" 623
"../../../Engine/Plugins/Runtime/AudioWidgets/Content/AudioMaterialSlate/Functions/MF_Lines.uasset" 624
"../../../Engine/Plugins/Runtime/AudioWidgets/Content/AudioMaterialSlate/Functions/MF_Lines.uexp" 625
"../../../Engine/Plugins/Runtime/AudioWidgets/Content/AudioMaterialSlate/M_AudioMaterialMeter.uasset" 626
"../../../Engine/Plugins/Runtime/AudioWidgets/Content/AudioMaterialSlate/M_AudioMaterialMeter.uexp" 627
"../../../Engine/Plugins/Runtime/AudioWidgets/Content/AudioMaterialSlate/MI_AudioMaterialMeter.uasset" 628
"../../../Engine/Plugins/Runtime/AudioWidgets/Content/AudioMaterialSlate/MI_AudioMaterialMeter.uexp" 629
"../../../Engine/Plugins/Runtime/AudioWidgets/Content/AudioMaterialSlate/M_AudioMaterialRoundedSlider.uasset" 630
"../../../Engine/Plugins/Runtime/AudioWidgets/Content/AudioMaterialSlate/M_AudioMaterialRoundedSlider.uexp" 631
"../../../Engine/Plugins/Runtime/AudioWidgets/Content/AudioMaterialSlate/MI_AudioMaterialRoundedSlider.uasset" 632
"../../../Engine/Plugins/Runtime/AudioWidgets/Content/AudioMaterialSlate/MI_AudioMaterialRoundedSlider.uexp" 633
"../../../Engine/Plugins/Runtime/AudioWidgets/Content/AudioMaterialSlate/Functions/MF_SingleLine.uasset" 634
"../../../Engine/Plugins/Runtime/AudioWidgets/Content/AudioMaterialSlate/Functions/MF_SingleLine.uexp" 635
"../../../Engine/Plugins/Runtime/AudioWidgets/Content/AudioMaterialSlate/M_AudioMaterialToggleButton.uasset" 636
"../../../Engine/Plugins/Runtime/AudioWidgets/Content/AudioMaterialSlate/M_AudioMaterialToggleButton.uexp" 637
"../../../Engine/Plugins/Runtime/AudioWidgets/Content/AudioMaterialSlate/MI_AudioMaterialToggleButton.uasset" 638
"../../../Engine/Plugins/Runtime/AudioWidgets/Content/AudioMaterialSlate/MI_AudioMaterialToggleButton.uexp" 639
"../../../Engine/Content/EngineMaterials/DefaultMaterial.uasset" 640
"../../../Engine/Content/EngineMaterials/DefaultMaterial.uexp" 641
"../../../Engine/Content/BasicShapes/Cone.ubulk" 642
"../../../Engine/Content/BasicShapes/Cone.uasset" 643
"../../../Engine/Content/BasicShapes/Cone.uexp" 644
"../../../Engine/Content/BasicShapes/Cube.ubulk" 645
"../../../Engine/Content/BasicShapes/Cube.uasset" 646
"../../../Engine/Content/BasicShapes/Cube.uexp" 647
"../../../Engine/Content/BasicShapes/Cylinder.ubulk" 648
"../../../Engine/Content/BasicShapes/Cylinder.uasset" 649
"../../../Engine/Content/BasicShapes/Cylinder.uexp" 650
"../../../Engine/Content/BasicShapes/Plane.ubulk" 651
"../../../Engine/Content/BasicShapes/Plane.uasset" 652
"../../../Engine/Content/BasicShapes/Plane.uexp" 653
"../../../Engine/Content/BasicShapes/Sphere.ubulk" 654
"../../../Engine/Content/BasicShapes/Sphere.uasset" 655
"../../../Engine/Content/BasicShapes/Sphere.uexp" 656
"../../../Engine/Content/EditorLandscapeResources/SplineEditorMeshMat.uasset" 657
"../../../Engine/Content/EditorLandscapeResources/SplineEditorMeshMat.uexp" 658
"../../../Engine/Content/EditorLandscapeResources/SplineEditorMesh.ubulk" 659
"../../../Engine/Content/EditorLandscapeResources/SplineEditorMesh.uasset" 660
"../../../Engine/Content/EditorLandscapeResources/SplineEditorMesh.uexp" 661
"../../../Engine/Content/EngineMaterials/WeightMapPlaceholderTexture.uasset" 662
"../../../Engine/Content/EngineMaterials/WeightMapPlaceholderTexture.uexp" 663
"../../../Engine/Content/EngineMaterials/WeightMapArrayPlaceholderTexture.uasset" 664
"../../../Engine/Content/EngineMaterials/WeightMapArrayPlaceholderTexture.uexp" 665
"../../../Engine/Content/EngineResources/WhiteSquareTexture.uasset" 666
"../../../Engine/Content/EngineResources/WhiteSquareTexture.uexp" 667
"../../../Engine/Content/EngineMaterials/Widget3DPassThrough.uasset" 668
"../../../Engine/Content/EngineMaterials/Widget3DPassThrough.uexp" 669
"../../../Engine/Content/EngineMaterials/Widget3DPassThrough_Masked.uasset" 670
"../../../Engine/Content/EngineMaterials/Widget3DPassThrough_Masked.uexp" 671
"../../../Engine/Content/EngineMaterials/Widget3DPassThrough_Opaque.uasset" 672
"../../../Engine/Content/EngineMaterials/Widget3DPassThrough_Opaque.uexp" 673
"../../../Engine/Content/EngineMaterials/Widget3DPassThrough_Masked_OneSided.uasset" 674
"../../../Engine/Content/EngineMaterials/Widget3DPassThrough_Masked_OneSided.uexp" 675
"../../../Engine/Content/EngineMaterials/Widget3DPassThrough_Opaque_OneSided.uasset" 676
"../../../Engine/Content/EngineMaterials/Widget3DPassThrough_Opaque_OneSided.uexp" 677
"../../../Engine/Content/EngineMaterials/Widget3DPassThrough_Translucent.uasset" 678
"../../../Engine/Content/EngineMaterials/Widget3DPassThrough_Translucent.uexp" 679
"../../../Engine/Content/EngineMaterials/Widget3DPassThrough_Translucent_OneSided.uasset" 680
"../../../Engine/Content/EngineMaterials/Widget3DPassThrough_Translucent_OneSided.uexp" 681
"../../../Engine/Plugins/Animation/ControlRig/Content/Controls/ControlRig_Arrow2_1mm.ubulk" 682
"../../../Engine/Plugins/Animation/ControlRig/Content/Controls/ControlRig_Arrow2_1mm.uasset" 683
"../../../Engine/Plugins/Animation/ControlRig/Content/Controls/ControlRig_Arrow2_1mm.uexp" 684
"../../../Engine/Plugins/Animation/ControlRig/Content/Controls/ControlRig_Arrow2_3mm.ubulk" 685
"../../../Engine/Plugins/Animation/ControlRig/Content/Controls/ControlRig_Arrow2_3mm.uasset" 686
"../../../Engine/Plugins/Animation/ControlRig/Content/Controls/ControlRig_Arrow2_3mm.uexp" 687
"../../../Engine/Plugins/Animation/ControlRig/Content/Controls/ControlRig_Arrow2_solid.ubulk" 688
"../../../Engine/Plugins/Animation/ControlRig/Content/Controls/ControlRig_Arrow2_solid.uasset" 689
"../../../Engine/Plugins/Animation/ControlRig/Content/Controls/ControlRig_Arrow2_solid.uexp" 690
"../../../Engine/Plugins/Animation/ControlRig/Content/Controls/ControlRig_Arrow4_1mm.ubulk" 691
"../../../Engine/Plugins/Animation/ControlRig/Content/Controls/ControlRig_Arrow4_1mm.uasset" 692
"../../../Engine/Plugins/Animation/ControlRig/Content/Controls/ControlRig_Arrow4_1mm.uexp" 693
"../../../Engine/Plugins/Animation/ControlRig/Content/Controls/ControlRig_Arrow4_3mm.ubulk" 694
"../../../Engine/Plugins/Animation/ControlRig/Content/Controls/ControlRig_Arrow4_3mm.uasset" 695
"../../../Engine/Plugins/Animation/ControlRig/Content/Controls/ControlRig_Arrow4_3mm.uexp" 696
"../../../Engine/Plugins/Animation/ControlRig/Content/Controls/ControlRig_Arrow4_solid.ubulk" 697
"../../../Engine/Plugins/Animation/ControlRig/Content/Controls/ControlRig_Arrow4_solid.uasset" 698
"../../../Engine/Plugins/Animation/ControlRig/Content/Controls/ControlRig_Arrow4_solid.uexp" 699
"../../../Engine/Plugins/Animation/ControlRig/Content/Controls/ControlRig_Arrow_1mm.ubulk" 700
"../../../Engine/Plugins/Animation/ControlRig/Content/Controls/ControlRig_Arrow_1mm.uasset" 701
"../../../Engine/Plugins/Animation/ControlRig/Content/Controls/ControlRig_Arrow_1mm.uexp" 702
"../../../Engine/Plugins/Animation/ControlRig/Content/Controls/ControlRig_Arrow_3mm.ubulk" 703
"../../../Engine/Plugins/Animation/ControlRig/Content/Controls/ControlRig_Arrow_3mm.uasset" 704
"../../../Engine/Plugins/Animation/ControlRig/Content/Controls/ControlRig_Arrow_3mm.uexp" 705
"../../../Engine/Plugins/Animation/ControlRig/Content/Controls/ControlRig_Arrow_solid.ubulk" 706
"../../../Engine/Plugins/Animation/ControlRig/Content/Controls/ControlRig_Arrow_solid.uasset" 707
"../../../Engine/Plugins/Animation/ControlRig/Content/Controls/ControlRig_Arrow_solid.uexp" 708
"../../../Engine/Plugins/Animation/ControlRig/Content/Controls/ControlRig_Box_1mm.ubulk" 709
"../../../Engine/Plugins/Animation/ControlRig/Content/Controls/ControlRig_Box_1mm.uasset" 710
"../../../Engine/Plugins/Animation/ControlRig/Content/Controls/ControlRig_Box_1mm.uexp" 711
"../../../Engine/Plugins/Animation/ControlRig/Content/Controls/ControlRig_Box_3mm.ubulk" 712
"../../../Engine/Plugins/Animation/ControlRig/Content/Controls/ControlRig_Box_3mm.uasset" 713
"../../../Engine/Plugins/Animation/ControlRig/Content/Controls/ControlRig_Box_3mm.uexp" 714
"../../../Engine/Plugins/Animation/ControlRig/Content/Controls/ControlRig_Box_solid.ubulk" 715
"../../../Engine/Plugins/Animation/ControlRig/Content/Controls/ControlRig_Box_solid.uasset" 716
"../../../Engine/Plugins/Animation/ControlRig/Content/Controls/ControlRig_Box_solid.uexp" 717
"../../../Engine/Plugins/Animation/ControlRig/Content/Controls/ControlRig_Circle_1mm.ubulk" 718
"../../../Engine/Plugins/Animation/ControlRig/Content/Controls/ControlRig_Circle_1mm.uasset" 719
"../../../Engine/Plugins/Animation/ControlRig/Content/Controls/ControlRig_Circle_1mm.uexp" 720
"../../../Engine/Plugins/Animation/ControlRig/Content/Controls/ControlRig_Circle_3mm.ubulk" 721
"../../../Engine/Plugins/Animation/ControlRig/Content/Controls/ControlRig_Circle_3mm.uasset" 722
"../../../Engine/Plugins/Animation/ControlRig/Content/Controls/ControlRig_Circle_3mm.uexp" 723
"../../../Engine/Plugins/Animation/ControlRig/Content/Controls/ControlRig_Circle_solid.ubulk" 724
"../../../Engine/Plugins/Animation/ControlRig/Content/Controls/ControlRig_Circle_solid.uasset" 725
"../../../Engine/Plugins/Animation/ControlRig/Content/Controls/ControlRig_Circle_solid.uexp" 726
"../../../Engine/Plugins/Animation/ControlRig/Content/Controls/ControlRig_Diamond_1mm.ubulk" 727
"../../../Engine/Plugins/Animation/ControlRig/Content/Controls/ControlRig_Diamond_1mm.uasset" 728
"../../../Engine/Plugins/Animation/ControlRig/Content/Controls/ControlRig_Diamond_1mm.uexp" 729
"../../../Engine/Plugins/Animation/ControlRig/Content/Controls/ControlRig_Diamond_3mm.ubulk" 730
"../../../Engine/Plugins/Animation/ControlRig/Content/Controls/ControlRig_Diamond_3mm.uasset" 731
"../../../Engine/Plugins/Animation/ControlRig/Content/Controls/ControlRig_Diamond_3mm.uexp" 732
"../../../Engine/Plugins/Animation/ControlRig/Content/Controls/ControlRig_Diamond_solid.ubulk" 733
"../../../Engine/Plugins/Animation/ControlRig/Content/Controls/ControlRig_Diamond_solid.uasset" 734
"../../../Engine/Plugins/Animation/ControlRig/Content/Controls/ControlRig_Diamond_solid.uexp" 735
"../../../Engine/Plugins/Animation/ControlRig/Content/Controls/ControlRig_HalfCircle_1mm.ubulk" 736
"../../../Engine/Plugins/Animation/ControlRig/Content/Controls/ControlRig_HalfCircle_1mm.uasset" 737
"../../../Engine/Plugins/Animation/ControlRig/Content/Controls/ControlRig_HalfCircle_1mm.uexp" 738
"../../../Engine/Plugins/Animation/ControlRig/Content/Controls/ControlRig_HalfCircle_3mm.ubulk" 739
"../../../Engine/Plugins/Animation/ControlRig/Content/Controls/ControlRig_HalfCircle_3mm.uasset" 740
"../../../Engine/Plugins/Animation/ControlRig/Content/Controls/ControlRig_HalfCircle_3mm.uexp" 741
"../../../Engine/Plugins/Animation/ControlRig/Content/Controls/ControlRig_HalfCircle_solid.ubulk" 742
"../../../Engine/Plugins/Animation/ControlRig/Content/Controls/ControlRig_HalfCircle_solid.uasset" 743
"../../../Engine/Plugins/Animation/ControlRig/Content/Controls/ControlRig_HalfCircle_solid.uexp" 744
"../../../Engine/Plugins/Animation/ControlRig/Content/Controls/ControlRig_Hexagon_1mm.ubulk" 745
"../../../Engine/Plugins/Animation/ControlRig/Content/Controls/ControlRig_Hexagon_1mm.uasset" 746
"../../../Engine/Plugins/Animation/ControlRig/Content/Controls/ControlRig_Hexagon_1mm.uexp" 747
"../../../Engine/Plugins/Animation/ControlRig/Content/Controls/ControlRig_Hexagon_3mm.ubulk" 748
"../../../Engine/Plugins/Animation/ControlRig/Content/Controls/ControlRig_Hexagon_3mm.uasset" 749
"../../../Engine/Plugins/Animation/ControlRig/Content/Controls/ControlRig_Hexagon_3mm.uexp" 750
"../../../Engine/Plugins/Animation/ControlRig/Content/Controls/ControlRig_Hexagon_solid.ubulk" 751
"../../../Engine/Plugins/Animation/ControlRig/Content/Controls/ControlRig_Hexagon_solid.uasset" 752
"../../../Engine/Plugins/Animation/ControlRig/Content/Controls/ControlRig_Hexagon_solid.uexp" 753
"../../../Engine/Plugins/Animation/ControlRig/Content/Controls/ControlRig_Octagon_1mm.ubulk" 754
"../../../Engine/Plugins/Animation/ControlRig/Content/Controls/ControlRig_Octagon_1mm.uasset" 755
"../../../Engine/Plugins/Animation/ControlRig/Content/Controls/ControlRig_Octagon_1mm.uexp" 756
"../../../Engine/Plugins/Animation/ControlRig/Content/Controls/ControlRig_Octagon_3mm.ubulk" 757
"../../../Engine/Plugins/Animation/ControlRig/Content/Controls/ControlRig_Octagon_3mm.uasset" 758
"../../../Engine/Plugins/Animation/ControlRig/Content/Controls/ControlRig_Octagon_3mm.uexp" 759
"../../../Engine/Plugins/Animation/ControlRig/Content/Controls/ControlRig_Octagon_solid.ubulk" 760
"../../../Engine/Plugins/Animation/ControlRig/Content/Controls/ControlRig_Octagon_solid.uasset" 761
"../../../Engine/Plugins/Animation/ControlRig/Content/Controls/ControlRig_Octagon_solid.uexp" 762
"../../../Engine/Plugins/Animation/ControlRig/Content/Controls/ControlRig_Pyramid_1mm.ubulk" 763
"../../../Engine/Plugins/Animation/ControlRig/Content/Controls/ControlRig_Pyramid_1mm.uasset" 764
"../../../Engine/Plugins/Animation/ControlRig/Content/Controls/ControlRig_Pyramid_1mm.uexp" 765
"../../../Engine/Plugins/Animation/ControlRig/Content/Controls/ControlRig_Pyramid_3mm.ubulk" 766
"../../../Engine/Plugins/Animation/ControlRig/Content/Controls/ControlRig_Pyramid_3mm.uasset" 767
"../../../Engine/Plugins/Animation/ControlRig/Content/Controls/ControlRig_Pyramid_3mm.uexp" 768
"../../../Engine/Plugins/Animation/ControlRig/Content/Controls/ControlRig_Pyramid_solid.ubulk" 769
"../../../Engine/Plugins/Animation/ControlRig/Content/Controls/ControlRig_Pyramid_solid.uasset" 770
"../../../Engine/Plugins/Animation/ControlRig/Content/Controls/ControlRig_Pyramid_solid.uexp" 771
"../../../Engine/Plugins/Animation/ControlRig/Content/Controls/ControlRig_QuarterCircle_1mm.ubulk" 772
"../../../Engine/Plugins/Animation/ControlRig/Content/Controls/ControlRig_QuarterCircle_1mm.uasset" 773
"../../../Engine/Plugins/Animation/ControlRig/Content/Controls/ControlRig_QuarterCircle_1mm.uexp" 774
"../../../Engine/Plugins/Animation/ControlRig/Content/Controls/ControlRig_QuarterCircle_3mm.ubulk" 775
"../../../Engine/Plugins/Animation/ControlRig/Content/Controls/ControlRig_QuarterCircle_3mm.uasset" 776
"../../../Engine/Plugins/Animation/ControlRig/Content/Controls/ControlRig_QuarterCircle_3mm.uexp" 777
"../../../Engine/Plugins/Animation/ControlRig/Content/Controls/ControlRig_QuarterCircle_solid.ubulk" 778
"../../../Engine/Plugins/Animation/ControlRig/Content/Controls/ControlRig_QuarterCircle_solid.uasset" 779
"../../../Engine/Plugins/Animation/ControlRig/Content/Controls/ControlRig_QuarterCircle_solid.uexp" 780
"../../../Engine/Plugins/Animation/ControlRig/Content/Controls/ControlRig_RoundedSquare_1mm.ubulk" 781
"../../../Engine/Plugins/Animation/ControlRig/Content/Controls/ControlRig_RoundedSquare_1mm.uasset" 782
"../../../Engine/Plugins/Animation/ControlRig/Content/Controls/ControlRig_RoundedSquare_1mm.uexp" 783
"../../../Engine/Plugins/Animation/ControlRig/Content/Controls/ControlRig_RoundedSquare_3mm.ubulk" 784
"../../../Engine/Plugins/Animation/ControlRig/Content/Controls/ControlRig_RoundedSquare_3mm.uasset" 785
"../../../Engine/Plugins/Animation/ControlRig/Content/Controls/ControlRig_RoundedSquare_3mm.uexp" 786
"../../../Engine/Plugins/Animation/ControlRig/Content/Controls/ControlRig_RoundedSquare_solid.ubulk" 787
"../../../Engine/Plugins/Animation/ControlRig/Content/Controls/ControlRig_RoundedSquare_solid.uasset" 788
"../../../Engine/Plugins/Animation/ControlRig/Content/Controls/ControlRig_RoundedSquare_solid.uexp" 789
"../../../Engine/Plugins/Animation/ControlRig/Content/Controls/ControlRig_RoundedTriangle_1mm.ubulk" 790
"../../../Engine/Plugins/Animation/ControlRig/Content/Controls/ControlRig_RoundedTriangle_1mm.uasset" 791
"../../../Engine/Plugins/Animation/ControlRig/Content/Controls/ControlRig_RoundedTriangle_1mm.uexp" 792
"../../../Engine/Plugins/Animation/ControlRig/Content/Controls/ControlRig_RoundedTriangle_3mm.ubulk" 793
"../../../Engine/Plugins/Animation/ControlRig/Content/Controls/ControlRig_RoundedTriangle_3mm.uasset" 794
"../../../Engine/Plugins/Animation/ControlRig/Content/Controls/ControlRig_RoundedTriangle_3mm.uexp" 795
"../../../Engine/Plugins/Animation/ControlRig/Content/Controls/ControlRig_RoundedTriangle_solid.ubulk" 796
"../../../Engine/Plugins/Animation/ControlRig/Content/Controls/ControlRig_RoundedTriangle_solid.uasset" 797
"../../../Engine/Plugins/Animation/ControlRig/Content/Controls/ControlRig_RoundedTriangle_solid.uexp" 798
"../../../Engine/Plugins/Animation/ControlRig/Content/Controls/ControlRig_Sphere_1mm.ubulk" 799
"../../../Engine/Plugins/Animation/ControlRig/Content/Controls/ControlRig_Sphere_1mm.uasset" 800
"../../../Engine/Plugins/Animation/ControlRig/Content/Controls/ControlRig_Sphere_1mm.uexp" 801
"../../../Engine/Plugins/Animation/ControlRig/Content/Controls/ControlRig_Sphere_3mm.ubulk" 802
"../../../Engine/Plugins/Animation/ControlRig/Content/Controls/ControlRig_Sphere_3mm.uasset" 803
"../../../Engine/Plugins/Animation/ControlRig/Content/Controls/ControlRig_Sphere_3mm.uexp" 804
"../../../Engine/Plugins/Animation/ControlRig/Content/Controls/ControlRig_Sphere_solid.ubulk" 805
"../../../Engine/Plugins/Animation/ControlRig/Content/Controls/ControlRig_Sphere_solid.uasset" 806
"../../../Engine/Plugins/Animation/ControlRig/Content/Controls/ControlRig_Sphere_solid.uexp" 807
"../../../Engine/Plugins/Animation/ControlRig/Content/Controls/ControlRig_Square_1mm.ubulk" 808
"../../../Engine/Plugins/Animation/ControlRig/Content/Controls/ControlRig_Square_1mm.uasset" 809
"../../../Engine/Plugins/Animation/ControlRig/Content/Controls/ControlRig_Square_1mm.uexp" 810
"../../../Engine/Plugins/Animation/ControlRig/Content/Controls/ControlRig_Square_3mm.ubulk" 811
"../../../Engine/Plugins/Animation/ControlRig/Content/Controls/ControlRig_Square_3mm.uasset" 812
"../../../Engine/Plugins/Animation/ControlRig/Content/Controls/ControlRig_Square_3mm.uexp" 813
"../../../Engine/Plugins/Animation/ControlRig/Content/Controls/ControlRig_Square_solid.ubulk" 814
"../../../Engine/Plugins/Animation/ControlRig/Content/Controls/ControlRig_Square_solid.uasset" 815
"../../../Engine/Plugins/Animation/ControlRig/Content/Controls/ControlRig_Square_solid.uexp" 816
"../../../Engine/Plugins/Animation/ControlRig/Content/Controls/ControlRig_Star4_1mm.ubulk" 817
"../../../Engine/Plugins/Animation/ControlRig/Content/Controls/ControlRig_Star4_1mm.uasset" 818
"../../../Engine/Plugins/Animation/ControlRig/Content/Controls/ControlRig_Star4_1mm.uexp" 819
"../../../Engine/Plugins/Animation/ControlRig/Content/Controls/ControlRig_Star4_3mm.ubulk" 820
"../../../Engine/Plugins/Animation/ControlRig/Content/Controls/ControlRig_Star4_3mm.uasset" 821
"../../../Engine/Plugins/Animation/ControlRig/Content/Controls/ControlRig_Star4_3mm.uexp" 822
"../../../Engine/Plugins/Animation/ControlRig/Content/Controls/ControlRig_Star4_solid.ubulk" 823
"../../../Engine/Plugins/Animation/ControlRig/Content/Controls/ControlRig_Star4_solid.uasset" 824
"../../../Engine/Plugins/Animation/ControlRig/Content/Controls/ControlRig_Star4_solid.uexp" 825
"../../../Engine/Plugins/Animation/ControlRig/Content/Controls/ControlRig_Triangle_1mm.ubulk" 826
"../../../Engine/Plugins/Animation/ControlRig/Content/Controls/ControlRig_Triangle_1mm.uasset" 827
"../../../Engine/Plugins/Animation/ControlRig/Content/Controls/ControlRig_Triangle_1mm.uexp" 828
"../../../Engine/Plugins/Animation/ControlRig/Content/Controls/ControlRig_Triangle_3mm.ubulk" 829
"../../../Engine/Plugins/Animation/ControlRig/Content/Controls/ControlRig_Triangle_3mm.uasset" 830
"../../../Engine/Plugins/Animation/ControlRig/Content/Controls/ControlRig_Triangle_3mm.uexp" 831
"../../../Engine/Plugins/Animation/ControlRig/Content/Controls/ControlRig_Triangle_solid.ubulk" 832
"../../../Engine/Plugins/Animation/ControlRig/Content/Controls/ControlRig_Triangle_solid.uasset" 833
"../../../Engine/Plugins/Animation/ControlRig/Content/Controls/ControlRig_Triangle_solid.uexp" 834
"../../../Engine/Plugins/Animation/ControlRig/Content/Controls/ControlRig_Wedge_1mm.ubulk" 835
"../../../Engine/Plugins/Animation/ControlRig/Content/Controls/ControlRig_Wedge_1mm.uasset" 836
"../../../Engine/Plugins/Animation/ControlRig/Content/Controls/ControlRig_Wedge_1mm.uexp" 837
"../../../Engine/Plugins/Animation/ControlRig/Content/Controls/ControlRig_Wedge_3mm.ubulk" 838
"../../../Engine/Plugins/Animation/ControlRig/Content/Controls/ControlRig_Wedge_3mm.uasset" 839
"../../../Engine/Plugins/Animation/ControlRig/Content/Controls/ControlRig_Wedge_3mm.uexp" 840
"../../../Engine/Plugins/Animation/ControlRig/Content/Controls/ControlRig_Wedge_solid.ubulk" 841
"../../../Engine/Plugins/Animation/ControlRig/Content/Controls/ControlRig_Wedge_solid.uasset" 842
"../../../Engine/Plugins/Animation/ControlRig/Content/Controls/ControlRig_Wedge_solid.uexp" 843
"../../../Engine/Plugins/2D/Paper2D/Content/DefaultSpriteMaterial.uasset" 844
"../../../Engine/Plugins/2D/Paper2D/Content/DefaultSpriteMaterial.uexp" 845
"../../../Engine/Plugins/2D/Paper2D/Content/MaskedUnlitSpriteMaterial.uasset" 846
"../../../Engine/Plugins/2D/Paper2D/Content/MaskedUnlitSpriteMaterial.uexp" 847
"../../../Engine/Plugins/2D/Paper2D/Content/OpaqueUnlitSpriteMaterial.uasset" 848
"../../../Engine/Plugins/2D/Paper2D/Content/OpaqueUnlitSpriteMaterial.uexp" 849
"../../../Engine/Plugins/Media/MediaPlate/Content/SM_MediaPlateScreen.ubulk" 850
"../../../Engine/Plugins/Media/MediaPlate/Content/SM_MediaPlateScreen.uasset" 851
"../../../Engine/Plugins/Media/MediaPlate/Content/SM_MediaPlateScreen.uexp" 852
"../../../Engine/Plugins/NNE/NNEDenoiser/Content/NNEDIM_ColorAlbedoNormal_Alpha.uasset" 853
"../../../Engine/Plugins/NNE/NNEDenoiser/Content/NNEDIM_ColorAlbedoNormal_Alpha.uexp" 854
"../../../Engine/Plugins/NNE/NNEDenoiser/Content/NNEDIM_ColorAlbedoNormal_Default.uasset" 855
"../../../Engine/Plugins/NNE/NNEDenoiser/Content/NNEDIM_ColorAlbedoNormal_Default.uexp" 856
"../../../Engine/Plugins/NNE/NNEDenoiser/Content/NNEDIM_HighQuality_Alpha.uasset" 857
"../../../Engine/Plugins/NNE/NNEDenoiser/Content/NNEDIM_HighQuality_Alpha.uexp" 858
"../../../Engine/Plugins/NNE/NNEDenoiser/Content/NNEDIM_HighQuality_Default.uasset" 859
"../../../Engine/Plugins/NNE/NNEDenoiser/Content/NNEDIM_HighQuality_Default.uexp" 860
"../../../Engine/Plugins/NNE/NNEDenoiser/Content/NNEDOM_Output_Alpha.uasset" 861
"../../../Engine/Plugins/NNE/NNEDenoiser/Content/NNEDOM_Output_Alpha.uexp" 862
"../../../Engine/Plugins/NNE/NNEDenoiser/Content/NNEDOM_Output_Default.uasset" 863
"../../../Engine/Plugins/NNE/NNEDenoiser/Content/NNEDOM_Output_Default.uexp" 864
"../../../Engine/Plugins/NNE/NNEDenoiser/Content/NNEDTIM_ColorAlbedoNormal_Alpha.uasset" 865
"../../../Engine/Plugins/NNE/NNEDenoiser/Content/NNEDTIM_ColorAlbedoNormal_Alpha.uexp" 866
"../../../Engine/Plugins/NNE/NNEDenoiser/Content/NNEDTIM_ColorAlbedoNormal_Default.uasset" 867
"../../../Engine/Plugins/NNE/NNEDenoiser/Content/NNEDTIM_ColorAlbedoNormal_Default.uexp" 868
"../../../Engine/Plugins/NNE/NNEDenoiser/Content/NNEDTOM_Output_Alpha.uasset" 869
"../../../Engine/Plugins/NNE/NNEDenoiser/Content/NNEDTOM_Output_Alpha.uexp" 870
"../../../Engine/Plugins/NNE/NNEDenoiser/Content/NNEDTOM_Output_Default.uasset" 871
"../../../Engine/Plugins/NNE/NNEDenoiser/Content/NNEDTOM_Output_Default.uexp" 872
"../../../Engine/Plugins/Animation/DeformerGraph/Content/DeformerFunctions/DG_Function_ComputeNormalsTangents.uasset" 873
"../../../Engine/Plugins/Animation/DeformerGraph/Content/DeformerFunctions/DG_Function_ComputeNormalsTangents.uexp" 874
"../../../Engine/Plugins/Animation/DeformerGraph/Content/DeformerFunctions/DG_Function_LinearBlendSkin_Morph_Cloth.uasset" 875
"../../../Engine/Plugins/Animation/DeformerGraph/Content/DeformerFunctions/DG_Function_LinearBlendSkin_Morph_Cloth.uexp" 876
"../../../Engine/Plugins/Animation/DeformerGraph/Content/DeformerFunctions/DG_Function_LinearBlendSkin_Morph_Cloth_PositionOnly.uasset" 877
"../../../Engine/Plugins/Animation/DeformerGraph/Content/DeformerFunctions/DG_Function_LinearBlendSkin_Morph_Cloth_PositionOnly.uexp" 878
"../../../Engine/Plugins/Animation/DeformerGraph/Content/Deformers/DG_LinearBlendSkin_Morph_Cloth.uasset" 879
"../../../Engine/Plugins/Animation/DeformerGraph/Content/Deformers/DG_LinearBlendSkin_Morph_Cloth.uexp" 880
"../../../Engine/Plugins/Animation/DeformerGraph/Content/Deformers/DG_LinearBlendSkin_Morph_Cloth_RecomputeNormals.uasset" 881
"../../../Engine/Plugins/Animation/DeformerGraph/Content/Deformers/DG_LinearBlendSkin_Morph_Cloth_RecomputeNormals.uexp" 882
"../../../Engine/Content/EngineResources/LandscapeVisibilityLayerInfo.uasset" 883
"../../../Engine/Content/EngineResources/LandscapeVisibilityLayerInfo.uexp" 884
"../../../Engine/Content/VREditor/TransformGizmo/StartRotationHandleIndicator.ubulk" 885
"../../../Engine/Content/VREditor/TransformGizmo/StartRotationHandleIndicator.uasset" 886
"../../../Engine/Content/VREditor/TransformGizmo/StartRotationHandleIndicator.uexp" 887
"../../../Engine/Content/VREditor/Sounds/UI/Drop_Item_From_ContentBrowser.ubulk" 888
"../../../Engine/Content/VREditor/Sounds/UI/Drop_Item_From_ContentBrowser.uasset" 889
"../../../Engine/Content/VREditor/Sounds/UI/Drop_Item_From_ContentBrowser.uexp" 890
"../../../Engine/Content/VREditor/TransformGizmo/PlaneTranslationHandle.ubulk" 891
"../../../Engine/Content/VREditor/TransformGizmo/PlaneTranslationHandle.uasset" 892
"../../../Engine/Content/VREditor/TransformGizmo/PlaneTranslationHandle.uexp" 893
"../../../Engine/Content/VREditor/Sounds/UI/Object_Snaps_To_Grid.ubulk" 894
"../../../Engine/Content/VREditor/Sounds/UI/Object_Snaps_To_Grid.uasset" 895
"../../../Engine/Content/VREditor/Sounds/UI/Object_Snaps_To_Grid.uexp" 896
"../../../Engine/Content/VREditor/Sounds/UI/Selection_Changes.ubulk" 897
"../../../Engine/Content/VREditor/Sounds/UI/Selection_Changes.uasset" 898
"../../../Engine/Content/VREditor/Sounds/UI/Selection_Changes.uexp" 899
"../../../Engine/Content/VREditor/Sounds/UI/Object_Snaps_To_Another_Actor.ubulk" 900
"../../../Engine/Content/VREditor/Sounds/UI/Object_Snaps_To_Another_Actor.uasset" 901
"../../../Engine/Content/VREditor/Sounds/UI/Object_Snaps_To_Another_Actor.uexp" 902
"../../../Engine/Content/VREditor/TransformGizmo/TranslucentTransformGizmoMaterial_Inst.uasset" 903
"../../../Engine/Content/VREditor/TransformGizmo/TranslucentTransformGizmoMaterial_Inst.uexp" 904
"../../../Engine/Content/VREditor/TransformGizmo/TransformGizmoFreeRotation.ubulk" 905
"../../../Engine/Content/VREditor/TransformGizmo/TransformGizmoFreeRotation.uasset" 906
"../../../Engine/Content/VREditor/TransformGizmo/TransformGizmoFreeRotation.uexp" 907
"../../../Engine/Content/VREditor/Sounds/UI/Scaling_Down.ubulk" 908
"../../../Engine/Content/VREditor/Sounds/UI/Scaling_Down.uasset" 909
"../../../Engine/Content/VREditor/Sounds/UI/Scaling_Down.uexp" 910
"../../../Engine/Content/Functions/Engine_MaterialFunctions02/SplitComponents.uasset" 911
"../../../Engine/Content/Functions/Engine_MaterialFunctions02/SplitComponents.uexp" 912
"../../../Engine/Content/VREditor/SnapGrid/SnapGridMaterial.uasset" 913
"../../../Engine/Content/VREditor/SnapGrid/SnapGridMaterial.uexp" 914
"../../../Engine/Content/VREditor/SnapGrid/SnapGridPlaneMesh.ubulk" 915
"../../../Engine/Content/VREditor/SnapGrid/SnapGridPlaneMesh.uasset" 916
"../../../Engine/Content/VREditor/SnapGrid/SnapGridPlaneMesh.uexp" 917
"../../../Engine/Content/VREditor/Sounds/UI/Scaling_Up.ubulk" 918
"../../../Engine/Content/VREditor/Sounds/UI/Scaling_Up.uasset" 919
"../../../Engine/Content/VREditor/Sounds/UI/Scaling_Up.uexp" 920
"../../../Engine/Content/VREditor/TransformGizmo/TransformGizmoMaterial_Inst.uasset" 921
"../../../Engine/Content/VREditor/TransformGizmo/TransformGizmoMaterial_Inst.uexp" 922
"../../../Engine/Content/VREditor/Sounds/UI/Gizmo_Handle_Clicked.ubulk" 923
"../../../Engine/Content/VREditor/Sounds/UI/Gizmo_Handle_Clicked.uasset" 924
"../../../Engine/Content/VREditor/Sounds/UI/Gizmo_Handle_Clicked.uexp" 925
"../../../Engine/Content/VREditor/TransformGizmo/RotationHandleQuarter.ubulk" 926
"../../../Engine/Content/VREditor/TransformGizmo/RotationHandleQuarter.uasset" 927
"../../../Engine/Content/VREditor/TransformGizmo/RotationHandleQuarter.uexp" 928
"../../../Engine/Content/VREditor/TransformGizmo/TranslateArrowHandle.ubulk" 929
"../../../Engine/Content/VREditor/TransformGizmo/TranslateArrowHandle.uasset" 930
"../../../Engine/Content/VREditor/TransformGizmo/TranslateArrowHandle.uexp" 931
"../../../Engine/Content/VREditor/TransformGizmo/RotationHandleIndicator.ubulk" 932
"../../../Engine/Content/VREditor/TransformGizmo/RotationHandleIndicator.uasset" 933
"../../../Engine/Content/VREditor/TransformGizmo/RotationHandleIndicator.uexp" 934
"../../../Engine/Content/VREditor/TransformGizmo/UniformScaleHandle.ubulk" 935
"../../../Engine/Content/VREditor/TransformGizmo/UniformScaleHandle.uasset" 936
"../../../Engine/Content/VREditor/TransformGizmo/UniformScaleHandle.uexp" 937
"../../../Engine/Content/VREditor/TransformGizmo/RotationHandleFull.ubulk" 938
"../../../Engine/Content/VREditor/TransformGizmo/RotationHandleFull.uasset" 939
"../../../Engine/Content/VREditor/TransformGizmo/RotationHandleFull.uexp" 940
"../../../Engine/Content/VREditor/Sounds/UI/Object_PickUp.ubulk" 941
"../../../Engine/Content/VREditor/Sounds/UI/Object_PickUp.uasset" 942
"../../../Engine/Content/VREditor/Sounds/UI/Object_PickUp.uexp" 943
"../../../Engine/Plugins/NNE/NNEDenoiser/Content/NNEDT_Oidn2-3_Balanced.uasset" 944
"../../../Engine/Plugins/NNE/NNEDenoiser/Content/NNEDT_Oidn2-3_Balanced.uexp" 945
"../../../Engine/Plugins/NNE/NNEDenoiser/Content/NNEDT_Oidn2-3_Balanced_Alpha.uasset" 946
"../../../Engine/Plugins/NNE/NNEDenoiser/Content/NNEDT_Oidn2-3_Balanced_Alpha.uexp" 947
"../../../Engine/Plugins/NNE/NNEDenoiser/Content/NNED_Oidn2-3_Balanced.uasset" 948
"../../../Engine/Plugins/NNE/NNEDenoiser/Content/NNED_Oidn2-3_Balanced.uexp" 949
"../../../Engine/Plugins/NNE/NNEDenoiser/Content/NNED_Oidn2-3_Balanced_Alpha.uasset" 950
"../../../Engine/Plugins/NNE/NNEDenoiser/Content/NNED_Oidn2-3_Balanced_Alpha.uexp" 951
"../../../Engine/Plugins/NNE/NNEDenoiser/Content/NNED_Oidn2-3_Fast.uasset" 952
"../../../Engine/Plugins/NNE/NNEDenoiser/Content/NNED_Oidn2-3_Fast.uexp" 953
"../../../Engine/Plugins/NNE/NNEDenoiser/Content/NNED_Oidn2-3_Fast_Alpha.uasset" 954
"../../../Engine/Plugins/NNE/NNEDenoiser/Content/NNED_Oidn2-3_Fast_Alpha.uexp" 955
"../../../Engine/Plugins/NNE/NNEDenoiser/Content/NNED_Oidn2-3_HighQuality.uasset" 956
"../../../Engine/Plugins/NNE/NNEDenoiser/Content/NNED_Oidn2-3_HighQuality.uexp" 957
"../../../Engine/Plugins/NNE/NNEDenoiser/Content/NNED_Oidn2-3_HighQuality_Alpha.uasset" 958
"../../../Engine/Plugins/NNE/NNEDenoiser/Content/NNED_Oidn2-3_HighQuality_Alpha.uexp" 959
"../../../Engine/Plugins/NNE/NNEDenoiser/Content/NNE_oidn2-3-0_rt_hdr_alb_nrm_small__dyn__fp16_opset11_DenoiseAlpha.uasset" 960
"../../../Engine/Plugins/NNE/NNEDenoiser/Content/NNE_oidn2-3-0_rt_hdr_alb_nrm_small__dyn__fp16_opset11_DenoiseAlpha.uexp" 961
"../../../Engine/Plugins/NNE/NNEDenoiser/Content/NNE_oidn2-3-0_rt_hdr_alb_nrm_small__dyn__fp16_opset11_ForwardAlpha.uasset" 962
"../../../Engine/Plugins/NNE/NNEDenoiser/Content/NNE_oidn2-3-0_rt_hdr_alb_nrm_small__dyn__fp16_opset11_ForwardAlpha.uexp" 963
"../../../Engine/Plugins/NNE/NNEDenoiser/Content/NNE_oidn2-3-0_rt_hdr_alb_nrm__dyn__fp16_opset11_DenoiseAlpha.uasset" 964
"../../../Engine/Plugins/NNE/NNEDenoiser/Content/NNE_oidn2-3-0_rt_hdr_alb_nrm__dyn__fp16_opset11_DenoiseAlpha.uexp" 965
"../../../Engine/Plugins/NNE/NNEDenoiser/Content/NNE_oidn2-3-0_rt_hdr_alb_nrm__dyn__fp16_opset11_ForwardAlpha.uasset" 966
"../../../Engine/Plugins/NNE/NNEDenoiser/Content/NNE_oidn2-3-0_rt_hdr_alb_nrm__dyn__fp16_opset11_ForwardAlpha.uexp" 967
"../../../Engine/Plugins/NNE/NNEDenoiser/Content/NNE_oidn2-3-0_rt_hdr_calb_cnrm_large__dyn__fp16_opset11_DenoiseAlpha.uasset" 968
"../../../Engine/Plugins/NNE/NNEDenoiser/Content/NNE_oidn2-3-0_rt_hdr_calb_cnrm_large__dyn__fp16_opset11_DenoiseAlpha.uexp" 969
"../../../Engine/Plugins/NNE/NNEDenoiser/Content/NNE_oidn2-3-0_rt_hdr_calb_cnrm_large__dyn__fp16_opset11_ForwardAlpha.uasset" 970
"../../../Engine/Plugins/NNE/NNEDenoiser/Content/NNE_oidn2-3-0_rt_hdr_calb_cnrm_large__dyn__fp16_opset11_ForwardAlpha.uexp" 971
"D:/GAD2006/AdvancedGameDevFinal/Content/Assets/Metal_Cabinet/TT_checker_4096x4096_UV_GRID_Base_color.ubulk" 972
"D:/GAD2006/AdvancedGameDevFinal/Content/Assets/Metal_Cabinet/TT_checker_4096x4096_UV_GRID_Base_color.uasset" 973
"D:/GAD2006/AdvancedGameDevFinal/Content/Assets/Metal_Cabinet/TT_checker_4096x4096_UV_GRID_Base_color.uexp" 974
"D:/GAD2006/AdvancedGameDevFinal/Content/Assets/Metal_Cabinet/TT_checker_4096x4096_UV_GRID.uasset" 975
"D:/GAD2006/AdvancedGameDevFinal/Content/Assets/Metal_Cabinet/TT_checker_4096x4096_UV_GRID.uexp" 976
"D:/GAD2006/AdvancedGameDevFinal/Content/Assets/Metal_Cabinet/Cabinet.ubulk" 977
"D:/GAD2006/AdvancedGameDevFinal/Content/Assets/Metal_Cabinet/Cabinet.uasset" 978
"D:/GAD2006/AdvancedGameDevFinal/Content/Assets/Metal_Cabinet/Cabinet.uexp" 979
"D:/GAD2006/AdvancedGameDevFinal/Content/Audio/S_GameAmbience.ubulk" 980
"D:/GAD2006/AdvancedGameDevFinal/Content/Audio/S_GameAmbience.uasset" 981
"D:/GAD2006/AdvancedGameDevFinal/Content/Audio/S_GameAmbience.uexp" 982
"D:/GAD2006/AdvancedGameDevFinal/Content/Assets/hospital_environment/textures/Doorway_1/hospital_Doorway_1_BaseColor.ubulk" 983
"D:/GAD2006/AdvancedGameDevFinal/Content/Assets/hospital_environment/textures/Doorway_1/hospital_Doorway_1_BaseColor.uasset" 984
"D:/GAD2006/AdvancedGameDevFinal/Content/Assets/hospital_environment/textures/Doorway_1/hospital_Doorway_1_BaseColor.uexp" 985
"D:/GAD2006/AdvancedGameDevFinal/Content/Assets/hospital_environment/Doorway_1.uasset" 986
"D:/GAD2006/AdvancedGameDevFinal/Content/Assets/hospital_environment/Doorway_1.uexp" 987
"D:/GAD2006/AdvancedGameDevFinal/Content/Assets/hospital_environment/tile_doorway_2.ubulk" 988
"D:/GAD2006/AdvancedGameDevFinal/Content/Assets/hospital_environment/tile_doorway_2.uasset" 989
"D:/GAD2006/AdvancedGameDevFinal/Content/Assets/hospital_environment/tile_doorway_2.uexp" 990
"D:/GAD2006/AdvancedGameDevFinal/Content/Assets/hospital_environment/textures/Walls_1/hospital_Walls_1_BaseColor.ubulk" 991
"D:/GAD2006/AdvancedGameDevFinal/Content/Assets/hospital_environment/textures/Walls_1/hospital_Walls_1_BaseColor.uasset" 992
"D:/GAD2006/AdvancedGameDevFinal/Content/Assets/hospital_environment/textures/Walls_1/hospital_Walls_1_BaseColor.uexp" 993
"D:/GAD2006/AdvancedGameDevFinal/Content/Assets/hospital_environment/Walls_1.uasset" 994
"D:/GAD2006/AdvancedGameDevFinal/Content/Assets/hospital_environment/Walls_1.uexp" 995
"D:/GAD2006/AdvancedGameDevFinal/Content/Assets/hospital_environment/pillar.ubulk" 996
"D:/GAD2006/AdvancedGameDevFinal/Content/Assets/hospital_environment/pillar.uasset" 997
"D:/GAD2006/AdvancedGameDevFinal/Content/Assets/hospital_environment/pillar.uexp" 998
"D:/GAD2006/AdvancedGameDevFinal/Content/Assets/hospital_environment/textures/ceiling_1/Ceiling_1_BaseColor.ubulk" 999
"D:/GAD2006/AdvancedGameDevFinal/Content/Assets/hospital_environment/textures/ceiling_1/Ceiling_1_BaseColor.uasset" 1000
"D:/GAD2006/AdvancedGameDevFinal/Content/Assets/hospital_environment/textures/ceiling_1/Ceiling_1_BaseColor.uexp" 1001
"D:/GAD2006/AdvancedGameDevFinal/Content/Assets/hospital_environment/Ceiling_1.uasset" 1002
"D:/GAD2006/AdvancedGameDevFinal/Content/Assets/hospital_environment/Ceiling_1.uexp" 1003
"D:/GAD2006/AdvancedGameDevFinal/Content/Assets/hospital_environment/ceiling_tile.ubulk" 1004
"D:/GAD2006/AdvancedGameDevFinal/Content/Assets/hospital_environment/ceiling_tile.uasset" 1005
"D:/GAD2006/AdvancedGameDevFinal/Content/Assets/hospital_environment/ceiling_tile.uexp" 1006
"D:/GAD2006/AdvancedGameDevFinal/Content/Assets/Trolley/Hospital_Trolley_Trolley_Roughness.ubulk" 1007
"D:/GAD2006/AdvancedGameDevFinal/Content/Assets/Trolley/Hospital_Trolley_Trolley_Roughness.uasset" 1008
"D:/GAD2006/AdvancedGameDevFinal/Content/Assets/Trolley/Hospital_Trolley_Trolley_Roughness.uexp" 1009
"D:/GAD2006/AdvancedGameDevFinal/Content/Assets/Trolley/Hospital_Trolley_Trolley_Normal.ubulk" 1010
"D:/GAD2006/AdvancedGameDevFinal/Content/Assets/Trolley/Hospital_Trolley_Trolley_Normal.uasset" 1011
"D:/GAD2006/AdvancedGameDevFinal/Content/Assets/Trolley/Hospital_Trolley_Trolley_Normal.uexp" 1012
"D:/GAD2006/AdvancedGameDevFinal/Content/Assets/Trolley/Hospital_Trolley_Trolley_Metallic.ubulk" 1013
"D:/GAD2006/AdvancedGameDevFinal/Content/Assets/Trolley/Hospital_Trolley_Trolley_Metallic.uasset" 1014
"D:/GAD2006/AdvancedGameDevFinal/Content/Assets/Trolley/Hospital_Trolley_Trolley_Metallic.uexp" 1015
"D:/GAD2006/AdvancedGameDevFinal/Content/Assets/Trolley/Hospital_Trolley_Trolley_BaseColor.ubulk" 1016
"D:/GAD2006/AdvancedGameDevFinal/Content/Assets/Trolley/Hospital_Trolley_Trolley_BaseColor.uasset" 1017
"D:/GAD2006/AdvancedGameDevFinal/Content/Assets/Trolley/Hospital_Trolley_Trolley_BaseColor.uexp" 1018
"D:/GAD2006/AdvancedGameDevFinal/Content/Assets/Trolley/Trolley.uasset" 1019
"D:/GAD2006/AdvancedGameDevFinal/Content/Assets/Trolley/Trolley.uexp" 1020
"D:/GAD2006/AdvancedGameDevFinal/Content/Assets/Trolley/Trolley1.ubulk" 1021
"D:/GAD2006/AdvancedGameDevFinal/Content/Assets/Trolley/Trolley1.uasset" 1022
"D:/GAD2006/AdvancedGameDevFinal/Content/Assets/Trolley/Trolley1.uexp" 1023
"D:/GAD2006/AdvancedGameDevFinal/Content/Audio/S_Pickup.ubulk" 1024
"D:/GAD2006/AdvancedGameDevFinal/Content/Audio/S_Pickup.uasset" 1025
"D:/GAD2006/AdvancedGameDevFinal/Content/Audio/S_Pickup.uexp" 1026
"D:/GAD2006/AdvancedGameDevFinal/Content/Assets/key/M_GreenKey.uasset" 1027
"D:/GAD2006/AdvancedGameDevFinal/Content/Assets/key/M_GreenKey.uexp" 1028
"D:/GAD2006/AdvancedGameDevFinal/Content/Assets/key/OldKey.ubulk" 1029
"D:/GAD2006/AdvancedGameDevFinal/Content/Assets/key/OldKey.uasset" 1030
"D:/GAD2006/AdvancedGameDevFinal/Content/Assets/key/OldKey.uexp" 1031
"D:/GAD2006/AdvancedGameDevFinal/Content/Blueprints/Items/BP_GreenKey.uasset" 1032
"D:/GAD2006/AdvancedGameDevFinal/Content/Blueprints/Items/BP_GreenKey.uexp" 1033
"D:/GAD2006/AdvancedGameDevFinal/Content/Assets/hospital_environment/textures/Ceiling_light/hospital_Ceiling_light_BaseColor.ubulk" 1034
"D:/GAD2006/AdvancedGameDevFinal/Content/Assets/hospital_environment/textures/Ceiling_light/hospital_Ceiling_light_BaseColor.uasset" 1035
"D:/GAD2006/AdvancedGameDevFinal/Content/Assets/hospital_environment/textures/Ceiling_light/hospital_Ceiling_light_BaseColor.uexp" 1036
"D:/GAD2006/AdvancedGameDevFinal/Content/Assets/hospital_environment/Ceiling_light.uasset" 1037
"D:/GAD2006/AdvancedGameDevFinal/Content/Assets/hospital_environment/Ceiling_light.uexp" 1038
"D:/GAD2006/AdvancedGameDevFinal/Content/Assets/hospital_environment/ceiling_light1.ubulk" 1039
"D:/GAD2006/AdvancedGameDevFinal/Content/Assets/hospital_environment/ceiling_light1.uasset" 1040
"D:/GAD2006/AdvancedGameDevFinal/Content/Assets/hospital_environment/ceiling_light1.uexp" 1041
"D:/GAD2006/AdvancedGameDevFinal/Content/Blueprints/Lights/BP_Light.uasset" 1042
"D:/GAD2006/AdvancedGameDevFinal/Content/Blueprints/Lights/BP_Light.uexp" 1043
"D:/GAD2006/AdvancedGameDevFinal/Content/Input/IA_Pause.uasset" 1044
"D:/GAD2006/AdvancedGameDevFinal/Content/Input/IA_Pause.uexp" 1045
"D:/GAD2006/AdvancedGameDevFinal/Content/Input/IA_Slot4.uasset" 1046
"D:/GAD2006/AdvancedGameDevFinal/Content/Input/IA_Slot4.uexp" 1047
"D:/GAD2006/AdvancedGameDevFinal/Content/Input/IA_Drop.uasset" 1048
"D:/GAD2006/AdvancedGameDevFinal/Content/Input/IA_Drop.uexp" 1049
"D:/GAD2006/AdvancedGameDevFinal/Content/Blueprints/UI/WBP_LoseScreen.uasset" 1050
"D:/GAD2006/AdvancedGameDevFinal/Content/Blueprints/UI/WBP_LoseScreen.uexp" 1051
"D:/GAD2006/AdvancedGameDevFinal/Content/Blueprints/UI/WBP_PauseMenu.uasset" 1052
"D:/GAD2006/AdvancedGameDevFinal/Content/Blueprints/UI/WBP_PauseMenu.uexp" 1053
"D:/GAD2006/AdvancedGameDevFinal/Content/FirstPerson/Input/Actions/IA_Look.uasset" 1054
"D:/GAD2006/AdvancedGameDevFinal/Content/FirstPerson/Input/Actions/IA_Look.uexp" 1055
"D:/GAD2006/AdvancedGameDevFinal/Content/Blueprints/UI/WBP_KeyEscapeHUD.uasset" 1056
"D:/GAD2006/AdvancedGameDevFinal/Content/Blueprints/UI/WBP_KeyEscapeHUD.uexp" 1057
"D:/GAD2006/AdvancedGameDevFinal/Content/Input/IA_Reload.uasset" 1058
"D:/GAD2006/AdvancedGameDevFinal/Content/Input/IA_Reload.uexp" 1059
"D:/GAD2006/AdvancedGameDevFinal/Content/Input/IA_Interact.uasset" 1060
"D:/GAD2006/AdvancedGameDevFinal/Content/Input/IA_Interact.uexp" 1061
"D:/GAD2006/AdvancedGameDevFinal/Content/Input/IA_Zoom.uasset" 1062
"D:/GAD2006/AdvancedGameDevFinal/Content/Input/IA_Zoom.uexp" 1063
"D:/GAD2006/AdvancedGameDevFinal/Content/Input/IA_Slot2.uasset" 1064
"D:/GAD2006/AdvancedGameDevFinal/Content/Input/IA_Slot2.uexp" 1065
"D:/GAD2006/AdvancedGameDevFinal/Content/FirstPerson/Input/Actions/IA_Move.uasset" 1066
"D:/GAD2006/AdvancedGameDevFinal/Content/FirstPerson/Input/Actions/IA_Move.uexp" 1067
"D:/GAD2006/AdvancedGameDevFinal/Content/Input/IA_Slot3.uasset" 1068
"D:/GAD2006/AdvancedGameDevFinal/Content/Input/IA_Slot3.uexp" 1069
"D:/GAD2006/AdvancedGameDevFinal/Content/Input/IA_UseItem.uasset" 1070
"D:/GAD2006/AdvancedGameDevFinal/Content/Input/IA_UseItem.uexp" 1071
"D:/GAD2006/AdvancedGameDevFinal/Content/Input/IA_Slot1.uasset" 1072
"D:/GAD2006/AdvancedGameDevFinal/Content/Input/IA_Slot1.uexp" 1073
"D:/GAD2006/AdvancedGameDevFinal/Content/Input/IA_ToggleFlashlight.uasset" 1074
"D:/GAD2006/AdvancedGameDevFinal/Content/Input/IA_ToggleFlashlight.uexp" 1075
"D:/GAD2006/AdvancedGameDevFinal/Content/Input/IA_Sprint.uasset" 1076
"D:/GAD2006/AdvancedGameDevFinal/Content/Input/IA_Sprint.uexp" 1077
"D:/GAD2006/AdvancedGameDevFinal/Content/FirstPerson/Input/Actions/IA_Jump.uasset" 1078
"D:/GAD2006/AdvancedGameDevFinal/Content/FirstPerson/Input/Actions/IA_Jump.uexp" 1079
"D:/GAD2006/AdvancedGameDevFinal/Content/FirstPerson/Input/IMC_Default.uasset" 1080
"D:/GAD2006/AdvancedGameDevFinal/Content/FirstPerson/Input/IMC_Default.uexp" 1081
"D:/GAD2006/AdvancedGameDevFinal/Content/Audio/S_Lose_Music_.ubulk" 1082
"D:/GAD2006/AdvancedGameDevFinal/Content/Audio/S_Lose_Music_.uasset" 1083
"D:/GAD2006/AdvancedGameDevFinal/Content/Audio/S_Lose_Music_.uexp" 1084
"D:/GAD2006/AdvancedGameDevFinal/Content/Blueprints/Player/BP_KeyEscapeCharacter.uasset" 1085
"D:/GAD2006/AdvancedGameDevFinal/Content/Blueprints/Player/BP_KeyEscapeCharacter.uexp" 1086
"D:/GAD2006/AdvancedGameDevFinal/Content/Blueprints/BP_KeyEscapeGameMode.uasset" 1087
"D:/GAD2006/AdvancedGameDevFinal/Content/Blueprints/BP_KeyEscapeGameMode.uexp" 1088
"D:/GAD2006/AdvancedGameDevFinal/Content/Assets/key/M_BlueKey.uasset" 1089
"D:/GAD2006/AdvancedGameDevFinal/Content/Assets/key/M_BlueKey.uexp" 1090
"D:/GAD2006/AdvancedGameDevFinal/Content/Blueprints/Items/BP_BlueKey.uasset" 1091
"D:/GAD2006/AdvancedGameDevFinal/Content/Blueprints/Items/BP_BlueKey.uexp" 1092
"D:/GAD2006/AdvancedGameDevFinal/Content/Assets/hospital_environment/textures/Door_1/hospital_Door_1_BaseColor.ubulk" 1093
"D:/GAD2006/AdvancedGameDevFinal/Content/Assets/hospital_environment/textures/Door_1/hospital_Door_1_BaseColor.uasset" 1094
"D:/GAD2006/AdvancedGameDevFinal/Content/Assets/hospital_environment/textures/Door_1/hospital_Door_1_BaseColor.uexp" 1095
"D:/GAD2006/AdvancedGameDevFinal/Content/Assets/hospital_environment/Door_mat.uasset" 1096
"D:/GAD2006/AdvancedGameDevFinal/Content/Assets/hospital_environment/Door_mat.uexp" 1097
"D:/GAD2006/AdvancedGameDevFinal/Content/Assets/hospital_environment/door_2.ubulk" 1098
"D:/GAD2006/AdvancedGameDevFinal/Content/Assets/hospital_environment/door_2.uasset" 1099
"D:/GAD2006/AdvancedGameDevFinal/Content/Assets/hospital_environment/door_2.uexp" 1100
"D:/GAD2006/AdvancedGameDevFinal/Content/Assets/key/M_RedKey.uasset" 1101
"D:/GAD2006/AdvancedGameDevFinal/Content/Assets/key/M_RedKey.uexp" 1102
"D:/GAD2006/AdvancedGameDevFinal/Content/Blueprints/Items/BP_RedKey.uasset" 1103
"D:/GAD2006/AdvancedGameDevFinal/Content/Blueprints/Items/BP_RedKey.uexp" 1104
"D:/GAD2006/AdvancedGameDevFinal/Content/Assets/battery/Battery_18V.uasset" 1105
"D:/GAD2006/AdvancedGameDevFinal/Content/Assets/battery/Battery_18V.uexp" 1106
"D:/GAD2006/AdvancedGameDevFinal/Content/Assets/battery/M_Battery.uasset" 1107
"D:/GAD2006/AdvancedGameDevFinal/Content/Assets/battery/M_Battery.uexp" 1108
"D:/GAD2006/AdvancedGameDevFinal/Content/Assets/battery/battery.ubulk" 1109
"D:/GAD2006/AdvancedGameDevFinal/Content/Assets/battery/battery.uasset" 1110
"D:/GAD2006/AdvancedGameDevFinal/Content/Assets/battery/battery.uexp" 1111
"D:/GAD2006/AdvancedGameDevFinal/Content/Blueprints/Items/BP_BatteryPickup.uasset" 1112
"D:/GAD2006/AdvancedGameDevFinal/Content/Blueprints/Items/BP_BatteryPickup.uexp" 1113
"D:/GAD2006/AdvancedGameDevFinal/Content/Assets/hospital_environment/textures/Floors_1/hospital_Floors_1_BaseColor.ubulk" 1114
"D:/GAD2006/AdvancedGameDevFinal/Content/Assets/hospital_environment/textures/Floors_1/hospital_Floors_1_BaseColor.uasset" 1115
"D:/GAD2006/AdvancedGameDevFinal/Content/Assets/hospital_environment/textures/Floors_1/hospital_Floors_1_BaseColor.uexp" 1116
"D:/GAD2006/AdvancedGameDevFinal/Content/Assets/hospital_environment/Floors_1.uasset" 1117
"D:/GAD2006/AdvancedGameDevFinal/Content/Assets/hospital_environment/Floors_1.uexp" 1118
"D:/GAD2006/AdvancedGameDevFinal/Content/Assets/hospital_environment/floor_tile_1.ubulk" 1119
"D:/GAD2006/AdvancedGameDevFinal/Content/Assets/hospital_environment/floor_tile_1.uasset" 1120
"D:/GAD2006/AdvancedGameDevFinal/Content/Assets/hospital_environment/floor_tile_1.uexp" 1121
"D:/GAD2006/AdvancedGameDevFinal/Content/Assets/Pistol/makarov_albedo.ubulk" 1122
"D:/GAD2006/AdvancedGameDevFinal/Content/Assets/Pistol/makarov_albedo.uasset" 1123
"D:/GAD2006/AdvancedGameDevFinal/Content/Assets/Pistol/makarov_albedo.uexp" 1124
"D:/GAD2006/AdvancedGameDevFinal/Content/Assets/Pistol/makarov.uasset" 1125
"D:/GAD2006/AdvancedGameDevFinal/Content/Assets/Pistol/makarov.uexp" 1126
"D:/GAD2006/AdvancedGameDevFinal/Content/Assets/Pistol/StaticMesh1.ubulk" 1127
"D:/GAD2006/AdvancedGameDevFinal/Content/Assets/Pistol/StaticMesh1.uasset" 1128
"D:/GAD2006/AdvancedGameDevFinal/Content/Assets/Pistol/StaticMesh1.uexp" 1129
"D:/GAD2006/AdvancedGameDevFinal/Content/Audio/S_Pistol_Empty.ubulk" 1130
"D:/GAD2006/AdvancedGameDevFinal/Content/Audio/S_Pistol_Empty.uasset" 1131
"D:/GAD2006/AdvancedGameDevFinal/Content/Audio/S_Pistol_Empty.uexp" 1132
"D:/GAD2006/AdvancedGameDevFinal/Content/Audio/S_Pistol_Fire.ubulk" 1133
"D:/GAD2006/AdvancedGameDevFinal/Content/Audio/S_Pistol_Fire.uasset" 1134
"D:/GAD2006/AdvancedGameDevFinal/Content/Audio/S_Pistol_Fire.uexp" 1135
"D:/GAD2006/AdvancedGameDevFinal/Content/Audio/S_Pistol_Reload.ubulk" 1136
"D:/GAD2006/AdvancedGameDevFinal/Content/Audio/S_Pistol_Reload.uasset" 1137
"D:/GAD2006/AdvancedGameDevFinal/Content/Audio/S_Pistol_Reload.uexp" 1138
"D:/GAD2006/AdvancedGameDevFinal/Content/Blueprints/Items/BP_Pistol.uasset" 1139
"D:/GAD2006/AdvancedGameDevFinal/Content/Blueprints/Items/BP_Pistol.uexp" 1140
"D:/GAD2006/AdvancedGameDevFinal/Content/Audio/S_Win_Music.ubulk" 1141
"D:/GAD2006/AdvancedGameDevFinal/Content/Audio/S_Win_Music.uasset" 1142
"D:/GAD2006/AdvancedGameDevFinal/Content/Audio/S_Win_Music.uexp" 1143
"D:/GAD2006/AdvancedGameDevFinal/Content/Blueprints/UI/WBP_WinScreen.uasset" 1144
"D:/GAD2006/AdvancedGameDevFinal/Content/Blueprints/UI/WBP_WinScreen.uexp" 1145
"D:/GAD2006/AdvancedGameDevFinal/Content/Blueprints/Gameplay/BP_ExitTrigger.uasset" 1146
"D:/GAD2006/AdvancedGameDevFinal/Content/Blueprints/Gameplay/BP_ExitTrigger.uexp" 1147
"D:/GAD2006/AdvancedGameDevFinal/Content/Assets/Doors/Door-011.ubulk" 1148
"D:/GAD2006/AdvancedGameDevFinal/Content/Assets/Doors/Door-011.uasset" 1149
"D:/GAD2006/AdvancedGameDevFinal/Content/Assets/Doors/Door-011.uexp" 1150
"D:/GAD2006/AdvancedGameDevFinal/Content/Audio/S_Door.ubulk" 1151
"D:/GAD2006/AdvancedGameDevFinal/Content/Audio/S_Door.uasset" 1152
"D:/GAD2006/AdvancedGameDevFinal/Content/Audio/S_Door.uexp" 1153
"D:/GAD2006/AdvancedGameDevFinal/Content/Blueprints/Items/BP_GreenDoor.uasset" 1154
"D:/GAD2006/AdvancedGameDevFinal/Content/Blueprints/Items/BP_GreenDoor.uexp" 1155
"D:/GAD2006/AdvancedGameDevFinal/Content/Assets/hospital_environment/textures/iv_bag/IV_Bag_IV_pole_bag_BaseColor.ubulk" 1156
"D:/GAD2006/AdvancedGameDevFinal/Content/Assets/hospital_environment/textures/iv_bag/IV_Bag_IV_pole_bag_BaseColor.uasset" 1157
"D:/GAD2006/AdvancedGameDevFinal/Content/Assets/hospital_environment/textures/iv_bag/IV_Bag_IV_pole_bag_BaseColor.uexp" 1158
"D:/GAD2006/AdvancedGameDevFinal/Content/Assets/hospital_environment/IV_bag.uasset" 1159
"D:/GAD2006/AdvancedGameDevFinal/Content/Assets/hospital_environment/IV_bag.uexp" 1160
"D:/GAD2006/AdvancedGameDevFinal/Content/Assets/hospital_environment/IV_Bag1.ubulk" 1161
"D:/GAD2006/AdvancedGameDevFinal/Content/Assets/hospital_environment/IV_Bag1.uasset" 1162
"D:/GAD2006/AdvancedGameDevFinal/Content/Assets/hospital_environment/IV_Bag1.uexp" 1163
"D:/GAD2006/AdvancedGameDevFinal/Content/Blueprints/Enemies/Enemy1/Idle_Skeleton.uasset" 1164
"D:/GAD2006/AdvancedGameDevFinal/Content/Blueprints/Enemies/Enemy1/Idle_Skeleton.uexp" 1165
"../../../Engine/Plugins/Animation/ACLPlugin/Content/ACLAnimBoneCompressionSettings.uasset" 1166
"../../../Engine/Plugins/Animation/ACLPlugin/Content/ACLAnimBoneCompressionSettings.uexp" 1167
"../../../Engine/Content/Animation/DefaultVariableFrameStrippingSettings.uasset" 1168
"../../../Engine/Content/Animation/DefaultVariableFrameStrippingSettings.uexp" 1169
"../../../Engine/Plugins/Animation/ACLPlugin/Content/ACLAnimCurveCompressionSettings.uasset" 1170
"../../../Engine/Plugins/Animation/ACLPlugin/Content/ACLAnimCurveCompressionSettings.uexp" 1171
"D:/GAD2006/AdvancedGameDevFinal/Content/Blueprints/Enemies/Enemy1/Anims/Falling_Back_Death.uasset" 1172
"D:/GAD2006/AdvancedGameDevFinal/Content/Blueprints/Enemies/Enemy1/Anims/Falling_Back_Death.uexp" 1173
"D:/GAD2006/AdvancedGameDevFinal/Content/Blueprints/Enemies/Enemy1/Anims/Enemy_Death_Montage.uasset" 1174
"D:/GAD2006/AdvancedGameDevFinal/Content/Blueprints/Enemies/Enemy1/Anims/Enemy_Death_Montage.uexp" 1175
"D:/GAD2006/AdvancedGameDevFinal/Content/Audio/S_Enemy_Death.ubulk" 1176
"D:/GAD2006/AdvancedGameDevFinal/Content/Audio/S_Enemy_Death.uasset" 1177
"D:/GAD2006/AdvancedGameDevFinal/Content/Audio/S_Enemy_Death.uexp" 1178
"D:/GAD2006/AdvancedGameDevFinal/Content/Blueprints/Enemies/Enemy1/Anims/Idle_Anim.uasset" 1179
"D:/GAD2006/AdvancedGameDevFinal/Content/Blueprints/Enemies/Enemy1/Anims/Idle_Anim.uexp" 1180
"D:/GAD2006/AdvancedGameDevFinal/Content/Blueprints/Enemies/Enemy1/Anims/Walking.uasset" 1181
"D:/GAD2006/AdvancedGameDevFinal/Content/Blueprints/Enemies/Enemy1/Anims/Walking.uexp" 1182
"D:/GAD2006/AdvancedGameDevFinal/Content/Blueprints/Enemies/Enemy1/Anims/Slow_Run.uasset" 1183
"D:/GAD2006/AdvancedGameDevFinal/Content/Blueprints/Enemies/Enemy1/Anims/Slow_Run.uexp" 1184
"D:/GAD2006/AdvancedGameDevFinal/Content/Blueprints/Enemies/Enemy1/Anims/ABP_Enemy1.uasset" 1185
"D:/GAD2006/AdvancedGameDevFinal/Content/Blueprints/Enemies/Enemy1/Anims/ABP_Enemy1.uexp" 1186
"D:/GAD2006/AdvancedGameDevFinal/Content/Blueprints/Enemies/Enemy1/Anims/Zombie_Attack.uasset" 1187
"D:/GAD2006/AdvancedGameDevFinal/Content/Blueprints/Enemies/Enemy1/Anims/Zombie_Attack.uexp" 1188
"D:/GAD2006/AdvancedGameDevFinal/Content/Blueprints/Enemies/Enemy1/Anims/Enemy_Attack_Montage.uasset" 1189
"D:/GAD2006/AdvancedGameDevFinal/Content/Blueprints/Enemies/Enemy1/Anims/Enemy_Attack_Montage.uexp" 1190
"D:/GAD2006/AdvancedGameDevFinal/Content/Blueprints/Enemies/Enemy1/Textures/Ch30_1001_Specular.ubulk" 1191
"D:/GAD2006/AdvancedGameDevFinal/Content/Blueprints/Enemies/Enemy1/Textures/Ch30_1001_Specular.uasset" 1192
"D:/GAD2006/AdvancedGameDevFinal/Content/Blueprints/Enemies/Enemy1/Textures/Ch30_1001_Specular.uexp" 1193
"D:/GAD2006/AdvancedGameDevFinal/Content/Blueprints/Enemies/Enemy1/Textures/Ch30_1001_Glossiness.ubulk" 1194
"D:/GAD2006/AdvancedGameDevFinal/Content/Blueprints/Enemies/Enemy1/Textures/Ch30_1001_Glossiness.uasset" 1195
"D:/GAD2006/AdvancedGameDevFinal/Content/Blueprints/Enemies/Enemy1/Textures/Ch30_1001_Glossiness.uexp" 1196
"../../../Engine/Plugins/Interchange/Assets/Content/Functions/MF_PhongToMetalRoughness.uasset" 1197
"../../../Engine/Plugins/Interchange/Assets/Content/Functions/MF_PhongToMetalRoughness.uexp" 1198
"D:/GAD2006/AdvancedGameDevFinal/Content/Blueprints/Enemies/Enemy1/Textures/Ch30_1001_Diffuse.ubulk" 1199
"D:/GAD2006/AdvancedGameDevFinal/Content/Blueprints/Enemies/Enemy1/Textures/Ch30_1001_Diffuse.uasset" 1200
"D:/GAD2006/AdvancedGameDevFinal/Content/Blueprints/Enemies/Enemy1/Textures/Ch30_1001_Diffuse.uexp" 1201
"D:/GAD2006/AdvancedGameDevFinal/Content/Blueprints/Enemies/Enemy1/Textures/Ch30_1001_Normal.ubulk" 1202
"D:/GAD2006/AdvancedGameDevFinal/Content/Blueprints/Enemies/Enemy1/Textures/Ch30_1001_Normal.uasset" 1203
"D:/GAD2006/AdvancedGameDevFinal/Content/Blueprints/Enemies/Enemy1/Textures/Ch30_1001_Normal.uexp" 1204
"D:/GAD2006/AdvancedGameDevFinal/Content/Blueprints/Enemies/Enemy1/Materials/Ch30_Body.uasset" 1205
"D:/GAD2006/AdvancedGameDevFinal/Content/Blueprints/Enemies/Enemy1/Materials/Ch30_Body.uexp" 1206
"D:/GAD2006/AdvancedGameDevFinal/Content/Blueprints/Enemies/Enemy1/Textures/Ch30_1002_Glossiness.ubulk" 1207
"D:/GAD2006/AdvancedGameDevFinal/Content/Blueprints/Enemies/Enemy1/Textures/Ch30_1002_Glossiness.uasset" 1208
"D:/GAD2006/AdvancedGameDevFinal/Content/Blueprints/Enemies/Enemy1/Textures/Ch30_1002_Glossiness.uexp" 1209
"D:/GAD2006/AdvancedGameDevFinal/Content/Blueprints/Enemies/Enemy1/Textures/Ch30_1002_Specular.ubulk" 1210
"D:/GAD2006/AdvancedGameDevFinal/Content/Blueprints/Enemies/Enemy1/Textures/Ch30_1002_Specular.uasset" 1211
"D:/GAD2006/AdvancedGameDevFinal/Content/Blueprints/Enemies/Enemy1/Textures/Ch30_1002_Specular.uexp" 1212
"D:/GAD2006/AdvancedGameDevFinal/Content/Blueprints/Enemies/Enemy1/Textures/Ch30_1002_Diffuse.ubulk" 1213
"D:/GAD2006/AdvancedGameDevFinal/Content/Blueprints/Enemies/Enemy1/Textures/Ch30_1002_Diffuse.uasset" 1214
"D:/GAD2006/AdvancedGameDevFinal/Content/Blueprints/Enemies/Enemy1/Textures/Ch30_1002_Diffuse.uexp" 1215
"D:/GAD2006/AdvancedGameDevFinal/Content/Blueprints/Enemies/Enemy1/Textures/Ch30_1002_Normal.ubulk" 1216
"D:/GAD2006/AdvancedGameDevFinal/Content/Blueprints/Enemies/Enemy1/Textures/Ch30_1002_Normal.uasset" 1217
"D:/GAD2006/AdvancedGameDevFinal/Content/Blueprints/Enemies/Enemy1/Textures/Ch30_1002_Normal.uexp" 1218
"D:/GAD2006/AdvancedGameDevFinal/Content/Blueprints/Enemies/Enemy1/Materials/Ch30_Body1.uasset" 1219
"D:/GAD2006/AdvancedGameDevFinal/Content/Blueprints/Enemies/Enemy1/Materials/Ch30_Body1.uexp" 1220
"D:/GAD2006/AdvancedGameDevFinal/Content/Blueprints/Enemies/Enemy1/Idle_PhysicsAsset.uasset" 1221
"D:/GAD2006/AdvancedGameDevFinal/Content/Blueprints/Enemies/Enemy1/Idle_PhysicsAsset.uexp" 1222
"D:/GAD2006/AdvancedGameDevFinal/Content/Blueprints/Enemies/Enemy1/Idle.uasset" 1223
"D:/GAD2006/AdvancedGameDevFinal/Content/Blueprints/Enemies/Enemy1/Idle.uexp" 1224
"D:/GAD2006/AdvancedGameDevFinal/Content/Audio/S_Enemy_Attack.ubulk" 1225
"D:/GAD2006/AdvancedGameDevFinal/Content/Audio/S_Enemy_Attack.uasset" 1226
"D:/GAD2006/AdvancedGameDevFinal/Content/Audio/S_Enemy_Attack.uexp" 1227
"D:/GAD2006/AdvancedGameDevFinal/Content/Audio/Enemy.ubulk" 1228
"D:/GAD2006/AdvancedGameDevFinal/Content/Audio/Enemy.uasset" 1229
"D:/GAD2006/AdvancedGameDevFinal/Content/Audio/Enemy.uexp" 1230
"D:/GAD2006/AdvancedGameDevFinal/Content/Blueprints/Enemies/BP_Enemy.uasset" 1231
"D:/GAD2006/AdvancedGameDevFinal/Content/Blueprints/Enemies/BP_Enemy.uexp" 1232
"D:/GAD2006/AdvancedGameDevFinal/Content/Assets/Molotov/textures/Molotov_D_tga.ubulk" 1233
"D:/GAD2006/AdvancedGameDevFinal/Content/Assets/Molotov/textures/Molotov_D_tga.uasset" 1234
"D:/GAD2006/AdvancedGameDevFinal/Content/Assets/Molotov/textures/Molotov_D_tga.uexp" 1235
"D:/GAD2006/AdvancedGameDevFinal/Content/Assets/Molotov/Molotov_001.uasset" 1236
"D:/GAD2006/AdvancedGameDevFinal/Content/Assets/Molotov/Molotov_001.uexp" 1237
"D:/GAD2006/AdvancedGameDevFinal/Content/Assets/Molotov/Molotov.ubulk" 1238
"D:/GAD2006/AdvancedGameDevFinal/Content/Assets/Molotov/Molotov.uasset" 1239
"D:/GAD2006/AdvancedGameDevFinal/Content/Assets/Molotov/Molotov.uexp" 1240
"D:/GAD2006/AdvancedGameDevFinal/Content/StarterContent/Textures/T_Fire_Tiled_D.ubulk" 1241
"D:/GAD2006/AdvancedGameDevFinal/Content/StarterContent/Textures/T_Fire_Tiled_D.uasset" 1242
"D:/GAD2006/AdvancedGameDevFinal/Content/StarterContent/Textures/T_Fire_Tiled_D.uexp" 1243
"D:/GAD2006/AdvancedGameDevFinal/Content/StarterContent/Textures/T_Fire_SubUV.ubulk" 1244
"D:/GAD2006/AdvancedGameDevFinal/Content/StarterContent/Textures/T_Fire_SubUV.uasset" 1245
"D:/GAD2006/AdvancedGameDevFinal/Content/StarterContent/Textures/T_Fire_SubUV.uexp" 1246
"D:/GAD2006/AdvancedGameDevFinal/Content/StarterContent/Particles/Materials/M_Fire_SubUV.uasset" 1247
"D:/GAD2006/AdvancedGameDevFinal/Content/StarterContent/Particles/Materials/M_Fire_SubUV.uexp" 1248
"D:/GAD2006/AdvancedGameDevFinal/Content/StarterContent/Textures/T_Smoke_SubUV.ubulk" 1249
"D:/GAD2006/AdvancedGameDevFinal/Content/StarterContent/Textures/T_Smoke_SubUV.uasset" 1250
"D:/GAD2006/AdvancedGameDevFinal/Content/StarterContent/Textures/T_Smoke_SubUV.uexp" 1251
"D:/GAD2006/AdvancedGameDevFinal/Content/StarterContent/Textures/T_Smoke_Tiled_D.ubulk" 1252
"D:/GAD2006/AdvancedGameDevFinal/Content/StarterContent/Textures/T_Smoke_Tiled_D.uasset" 1253
"D:/GAD2006/AdvancedGameDevFinal/Content/StarterContent/Textures/T_Smoke_Tiled_D.uexp" 1254
"D:/GAD2006/AdvancedGameDevFinal/Content/StarterContent/Particles/Materials/M_smoke_subUV.uasset" 1255
"D:/GAD2006/AdvancedGameDevFinal/Content/StarterContent/Particles/Materials/M_smoke_subUV.uexp" 1256
"D:/GAD2006/AdvancedGameDevFinal/Content/StarterContent/Textures/T_Water_N.ubulk" 1257
"D:/GAD2006/AdvancedGameDevFinal/Content/StarterContent/Textures/T_Water_N.uasset" 1258
"D:/GAD2006/AdvancedGameDevFinal/Content/StarterContent/Textures/T_Water_N.uexp" 1259
"D:/GAD2006/AdvancedGameDevFinal/Content/StarterContent/Particles/Materials/M_Heat_Distortion.uasset" 1260
"D:/GAD2006/AdvancedGameDevFinal/Content/StarterContent/Particles/Materials/M_Heat_Distortion.uexp" 1261
"../../../Engine/Content/Functions/Engine_MaterialFunctions01/Gradient/RadialGradient.uasset" 1262
"../../../Engine/Content/Functions/Engine_MaterialFunctions01/Gradient/RadialGradient.uexp" 1263
"D:/GAD2006/AdvancedGameDevFinal/Content/StarterContent/Particles/Materials/M_Radial_Gradient.uasset" 1264
"D:/GAD2006/AdvancedGameDevFinal/Content/StarterContent/Particles/Materials/M_Radial_Gradient.uexp" 1265
"D:/GAD2006/AdvancedGameDevFinal/Content/StarterContent/Particles/P_Fire.uasset" 1266
"D:/GAD2006/AdvancedGameDevFinal/Content/StarterContent/Particles/P_Fire.uexp" 1267
"D:/GAD2006/AdvancedGameDevFinal/Content/Audio/S_Fire_Loop.ubulk" 1268
"D:/GAD2006/AdvancedGameDevFinal/Content/Audio/S_Fire_Loop.uasset" 1269
"D:/GAD2006/AdvancedGameDevFinal/Content/Audio/S_Fire_Loop.uexp" 1270
"D:/GAD2006/AdvancedGameDevFinal/Content/Blueprints/Items/BP_FireArea.uasset" 1271
"D:/GAD2006/AdvancedGameDevFinal/Content/Blueprints/Items/BP_FireArea.uexp" 1272
"D:/GAD2006/AdvancedGameDevFinal/Content/Blueprints/Items/BP_MolotovProjectile.uasset" 1273
"D:/GAD2006/AdvancedGameDevFinal/Content/Blueprints/Items/BP_MolotovProjectile.uexp" 1274
"D:/GAD2006/AdvancedGameDevFinal/Content/Audio/S_Molotow_Throw.ubulk" 1275
"D:/GAD2006/AdvancedGameDevFinal/Content/Audio/S_Molotow_Throw.uasset" 1276
"D:/GAD2006/AdvancedGameDevFinal/Content/Audio/S_Molotow_Throw.uexp" 1277
"D:/GAD2006/AdvancedGameDevFinal/Content/Blueprints/Items/BP_MolotovItem.uasset" 1278
"D:/GAD2006/AdvancedGameDevFinal/Content/Blueprints/Items/BP_MolotovItem.uexp" 1279
"D:/GAD2006/AdvancedGameDevFinal/Content/Assets/rusty_cabinet/textures/mat_cabinet_albedo.ubulk" 1280
"D:/GAD2006/AdvancedGameDevFinal/Content/Assets/rusty_cabinet/textures/mat_cabinet_albedo.uasset" 1281
"D:/GAD2006/AdvancedGameDevFinal/Content/Assets/rusty_cabinet/textures/mat_cabinet_albedo.uexp" 1282
"D:/GAD2006/AdvancedGameDevFinal/Content/Assets/rusty_cabinet/mat_cabinet.uasset" 1283
"D:/GAD2006/AdvancedGameDevFinal/Content/Assets/rusty_cabinet/mat_cabinet.uexp" 1284
"D:/GAD2006/AdvancedGameDevFinal/Content/Assets/rusty_cabinet/cabinet_low.ubulk" 1285
"D:/GAD2006/AdvancedGameDevFinal/Content/Assets/rusty_cabinet/cabinet_low.uasset" 1286
"D:/GAD2006/AdvancedGameDevFinal/Content/Assets/rusty_cabinet/cabinet_low.uexp" 1287
"D:/GAD2006/AdvancedGameDevFinal/Content/Assets/hospital_environment/Window.uasset" 1288
"D:/GAD2006/AdvancedGameDevFinal/Content/Assets/hospital_environment/Window.uexp" 1289
"D:/GAD2006/AdvancedGameDevFinal/Content/Assets/hospital_environment/tile_window.ubulk" 1290
"D:/GAD2006/AdvancedGameDevFinal/Content/Assets/hospital_environment/tile_window.uasset" 1291
"D:/GAD2006/AdvancedGameDevFinal/Content/Assets/hospital_environment/tile_window.uexp" 1292
"D:/GAD2006/AdvancedGameDevFinal/Content/Assets/Old_Bed/pillow.uasset" 1293
"D:/GAD2006/AdvancedGameDevFinal/Content/Assets/Old_Bed/pillow.uexp" 1294
"D:/GAD2006/AdvancedGameDevFinal/Content/Assets/Old_Bed/textures/BaseMaterial_Albedo.ubulk" 1295
"D:/GAD2006/AdvancedGameDevFinal/Content/Assets/Old_Bed/textures/BaseMaterial_Albedo.uasset" 1296
"D:/GAD2006/AdvancedGameDevFinal/Content/Assets/Old_Bed/textures/BaseMaterial_Albedo.uexp" 1297
"D:/GAD2006/AdvancedGameDevFinal/Content/Assets/Old_Bed/bed.uasset" 1298
"D:/GAD2006/AdvancedGameDevFinal/Content/Assets/Old_Bed/bed.uexp" 1299
"D:/GAD2006/AdvancedGameDevFinal/Content/Assets/Old_Bed/textures/BaseMaterial_AO.ubulk" 1300
"D:/GAD2006/AdvancedGameDevFinal/Content/Assets/Old_Bed/textures/BaseMaterial_AO.uasset" 1301
"D:/GAD2006/AdvancedGameDevFinal/Content/Assets/Old_Bed/textures/BaseMaterial_AO.uexp" 1302
"D:/GAD2006/AdvancedGameDevFinal/Content/Assets/Old_Bed/lagen.uasset" 1303
"D:/GAD2006/AdvancedGameDevFinal/Content/Assets/Old_Bed/lagen.uexp" 1304
"D:/GAD2006/AdvancedGameDevFinal/Content/Assets/Old_Bed/bedwhole_fbx.ubulk" 1305
"D:/GAD2006/AdvancedGameDevFinal/Content/Assets/Old_Bed/bedwhole_fbx.uasset" 1306
"D:/GAD2006/AdvancedGameDevFinal/Content/Assets/Old_Bed/bedwhole_fbx.uexp" 1307
"D:/GAD2006/AdvancedGameDevFinal/Content/Assets/binocular/textures/Binoculars_Albedo.ubulk" 1308
"D:/GAD2006/AdvancedGameDevFinal/Content/Assets/binocular/textures/Binoculars_Albedo.uasset" 1309
"D:/GAD2006/AdvancedGameDevFinal/Content/Assets/binocular/textures/Binoculars_Albedo.uexp" 1310
"D:/GAD2006/AdvancedGameDevFinal/Content/Assets/binocular/Binoculars.uasset" 1311
"D:/GAD2006/AdvancedGameDevFinal/Content/Assets/binocular/Binoculars.uexp" 1312
"D:/GAD2006/AdvancedGameDevFinal/Content/Assets/binocular/Binocular.ubulk" 1313
"D:/GAD2006/AdvancedGameDevFinal/Content/Assets/binocular/Binocular.uasset" 1314
"D:/GAD2006/AdvancedGameDevFinal/Content/Assets/binocular/Binocular.uexp" 1315
"D:/GAD2006/AdvancedGameDevFinal/Content/Blueprints/Items/BP_Binocular.uasset" 1316
"D:/GAD2006/AdvancedGameDevFinal/Content/Blueprints/Items/BP_Binocular.uexp" 1317
"D:/GAD2006/AdvancedGameDevFinal/Content/Audio/S_Trap.ubulk" 1318
"D:/GAD2006/AdvancedGameDevFinal/Content/Audio/S_Trap.uasset" 1319
"D:/GAD2006/AdvancedGameDevFinal/Content/Audio/S_Trap.uexp" 1320
"D:/GAD2006/AdvancedGameDevFinal/Content/Assets/Trap/textures/Texture_BearTrap_beartrap_m_BaseColor.ubulk" 1321
"D:/GAD2006/AdvancedGameDevFinal/Content/Assets/Trap/textures/Texture_BearTrap_beartrap_m_BaseColor.uasset" 1322
"D:/GAD2006/AdvancedGameDevFinal/Content/Assets/Trap/textures/Texture_BearTrap_beartrap_m_BaseColor.uexp" 1323
"D:/GAD2006/AdvancedGameDevFinal/Content/Assets/Trap/beartrap_m.uasset" 1324
"D:/GAD2006/AdvancedGameDevFinal/Content/Assets/Trap/beartrap_m.uexp" 1325
"D:/GAD2006/AdvancedGameDevFinal/Content/Assets/Trap/Texture_BearTrap.ubulk" 1326
"D:/GAD2006/AdvancedGameDevFinal/Content/Assets/Trap/Texture_BearTrap.uasset" 1327
"D:/GAD2006/AdvancedGameDevFinal/Content/Assets/Trap/Texture_BearTrap.uexp" 1328
"D:/GAD2006/AdvancedGameDevFinal/Content/Blueprints/Traps/BP_SpikeTrap.uasset" 1329
"D:/GAD2006/AdvancedGameDevFinal/Content/Blueprints/Traps/BP_SpikeTrap.uexp" 1330
"D:/GAD2006/AdvancedGameDevFinal/Content/Assets/hospital_environment/textures/iv_bag_holder/IV_Bag_holder_IV_pole_bag_BaseColor.ubulk" 1331
"D:/GAD2006/AdvancedGameDevFinal/Content/Assets/hospital_environment/textures/iv_bag_holder/IV_Bag_holder_IV_pole_bag_BaseColor.uasset" 1332
"D:/GAD2006/AdvancedGameDevFinal/Content/Assets/hospital_environment/textures/iv_bag_holder/IV_Bag_holder_IV_pole_bag_BaseColor.uexp" 1333
"D:/GAD2006/AdvancedGameDevFinal/Content/Assets/hospital_environment/IV_Pole.uasset" 1334
"D:/GAD2006/AdvancedGameDevFinal/Content/Assets/hospital_environment/IV_Pole.uexp" 1335
"D:/GAD2006/AdvancedGameDevFinal/Content/Assets/hospital_environment/IV_Bag_holder.ubulk" 1336
"D:/GAD2006/AdvancedGameDevFinal/Content/Assets/hospital_environment/IV_Bag_holder.uasset" 1337
"D:/GAD2006/AdvancedGameDevFinal/Content/Assets/hospital_environment/IV_Bag_holder.uexp" 1338
"D:/GAD2006/AdvancedGameDevFinal/Content/Assets/rusty_cabinet/textures/mat_drawers_albedo.ubulk" 1339
"D:/GAD2006/AdvancedGameDevFinal/Content/Assets/rusty_cabinet/textures/mat_drawers_albedo.uasset" 1340
"D:/GAD2006/AdvancedGameDevFinal/Content/Assets/rusty_cabinet/textures/mat_drawers_albedo.uexp" 1341
"D:/GAD2006/AdvancedGameDevFinal/Content/Assets/rusty_cabinet/mat_drawers.uasset" 1342
"D:/GAD2006/AdvancedGameDevFinal/Content/Assets/rusty_cabinet/mat_drawers.uexp" 1343
"D:/GAD2006/AdvancedGameDevFinal/Content/Assets/rusty_cabinet/drawer_01_low.ubulk" 1344
"D:/GAD2006/AdvancedGameDevFinal/Content/Assets/rusty_cabinet/drawer_01_low.uasset" 1345
"D:/GAD2006/AdvancedGameDevFinal/Content/Assets/rusty_cabinet/drawer_01_low.uexp" 1346
"D:/GAD2006/AdvancedGameDevFinal/Content/Blueprints/Items/BP_BlueDoor.uasset" 1347
"D:/GAD2006/AdvancedGameDevFinal/Content/Blueprints/Items/BP_BlueDoor.uexp" 1348
"D:/GAD2006/AdvancedGameDevFinal/Content/Blueprints/Items/BP_RedDoor.uasset" 1349
"D:/GAD2006/AdvancedGameDevFinal/Content/Blueprints/Items/BP_RedDoor.uexp" 1350
"D:/GAD2006/AdvancedGameDevFinal/Content/Assets/AmmoBox/AmmoBox_Bake1_PBR_StoA_Diffuse.ubulk" 1351
"D:/GAD2006/AdvancedGameDevFinal/Content/Assets/AmmoBox/AmmoBox_Bake1_PBR_StoA_Diffuse.uasset" 1352
"D:/GAD2006/AdvancedGameDevFinal/Content/Assets/AmmoBox/AmmoBox_Bake1_PBR_StoA_Diffuse.uexp" 1353
"D:/GAD2006/AdvancedGameDevFinal/Content/Assets/AmmoBox/M_AmmoBox.uasset" 1354
"D:/GAD2006/AdvancedGameDevFinal/Content/Assets/AmmoBox/M_AmmoBox.uexp" 1355
"D:/GAD2006/AdvancedGameDevFinal/Content/Assets/AmmoBox/AmmoBox.ubulk" 1356
"D:/GAD2006/AdvancedGameDevFinal/Content/Assets/AmmoBox/AmmoBox.uasset" 1357
"D:/GAD2006/AdvancedGameDevFinal/Content/Assets/AmmoBox/AmmoBox.uexp" 1358
"D:/GAD2006/AdvancedGameDevFinal/Content/Blueprints/Items/BP_AmmoPickup.uasset" 1359
"D:/GAD2006/AdvancedGameDevFinal/Content/Blueprints/Items/BP_AmmoPickup.uexp" 1360
"D:/GAD2006/AdvancedGameDevFinal/Content/Assets/hospital_environment/textures/exit_sign/Exit_sign_Exit_sign_BaseColor.ubulk" 1361
"D:/GAD2006/AdvancedGameDevFinal/Content/Assets/hospital_environment/textures/exit_sign/Exit_sign_Exit_sign_BaseColor.uasset" 1362
"D:/GAD2006/AdvancedGameDevFinal/Content/Assets/hospital_environment/textures/exit_sign/Exit_sign_Exit_sign_BaseColor.uexp" 1363
"D:/GAD2006/AdvancedGameDevFinal/Content/Assets/hospital_environment/Exit_sign.uasset" 1364
"D:/GAD2006/AdvancedGameDevFinal/Content/Assets/hospital_environment/Exit_sign.uexp" 1365
"D:/GAD2006/AdvancedGameDevFinal/Content/Assets/hospital_environment/Exit_sign1.ubulk" 1366
"D:/GAD2006/AdvancedGameDevFinal/Content/Assets/hospital_environment/Exit_sign1.uasset" 1367
"D:/GAD2006/AdvancedGameDevFinal/Content/Assets/hospital_environment/Exit_sign1.uexp" 1368
"D:/GAD2006/AdvancedGameDevFinal/Content/Assets/flash-light/source/Button.uasset" 1369
"D:/GAD2006/AdvancedGameDevFinal/Content/Assets/flash-light/source/Button.uexp" 1370
"D:/GAD2006/AdvancedGameDevFinal/Content/Assets/flash-light/source/Glass.uasset" 1371
"D:/GAD2006/AdvancedGameDevFinal/Content/Assets/flash-light/source/Glass.uexp" 1372
"D:/GAD2006/AdvancedGameDevFinal/Content/Assets/flash-light/source/White_Plastic.uasset" 1373
"D:/GAD2006/AdvancedGameDevFinal/Content/Assets/flash-light/source/White_Plastic.uexp" 1374
"D:/GAD2006/AdvancedGameDevFinal/Content/Assets/flash-light/source/Black_Metal_001.uasset" 1375
"D:/GAD2006/AdvancedGameDevFinal/Content/Assets/flash-light/source/Black_Metal_001.uexp" 1376
"D:/GAD2006/AdvancedGameDevFinal/Content/Assets/flash-light/source/Glass_001.uasset" 1377
"D:/GAD2006/AdvancedGameDevFinal/Content/Assets/flash-light/source/Glass_001.uexp" 1378
"D:/GAD2006/AdvancedGameDevFinal/Content/Assets/flash-light/source/FlashLight.ubulk" 1379
"D:/GAD2006/AdvancedGameDevFinal/Content/Assets/flash-light/source/FlashLight.uasset" 1380
"D:/GAD2006/AdvancedGameDevFinal/Content/Assets/flash-light/source/FlashLight.uexp" 1381
"D:/GAD2006/AdvancedGameDevFinal/Content/Blueprints/Items/BP_Flashlight.uasset" 1382
"D:/GAD2006/AdvancedGameDevFinal/Content/Blueprints/Items/BP_Flashlight.uexp" 1383
"D:/GAD2006/AdvancedGameDevFinal/Content/Assets/food/textures/Beans_Basecolor.ubulk" 1384
"D:/GAD2006/AdvancedGameDevFinal/Content/Assets/food/textures/Beans_Basecolor.uasset" 1385
"D:/GAD2006/AdvancedGameDevFinal/Content/Assets/food/textures/Beans_Basecolor.uexp" 1386
"D:/GAD2006/AdvancedGameDevFinal/Content/Assets/food/Beans_Mat.uasset" 1387
"D:/GAD2006/AdvancedGameDevFinal/Content/Assets/food/Beans_Mat.uexp" 1388
"D:/GAD2006/AdvancedGameDevFinal/Content/Assets/food/CanClosed.ubulk" 1389
"D:/GAD2006/AdvancedGameDevFinal/Content/Assets/food/CanClosed.uasset" 1390
"D:/GAD2006/AdvancedGameDevFinal/Content/Assets/food/CanClosed.uexp" 1391
"D:/GAD2006/AdvancedGameDevFinal/Content/Audio/S_Food.ubulk" 1392
"D:/GAD2006/AdvancedGameDevFinal/Content/Audio/S_Food.uasset" 1393
"D:/GAD2006/AdvancedGameDevFinal/Content/Audio/S_Food.uexp" 1394
"D:/GAD2006/AdvancedGameDevFinal/Content/Blueprints/Items/BP_FoodItem.uasset" 1395
"D:/GAD2006/AdvancedGameDevFinal/Content/Blueprints/Items/BP_FoodItem.uexp" 1396
"D:/GAD2006/AdvancedGameDevFinal/Content/Assets/hospital_environment/textures/wheel_chair/hospital_Wheel_chair_BaseColor.ubulk" 1397
"D:/GAD2006/AdvancedGameDevFinal/Content/Assets/hospital_environment/textures/wheel_chair/hospital_Wheel_chair_BaseColor.uasset" 1398
"D:/GAD2006/AdvancedGameDevFinal/Content/Assets/hospital_environment/textures/wheel_chair/hospital_Wheel_chair_BaseColor.uexp" 1399
"D:/GAD2006/AdvancedGameDevFinal/Content/Assets/hospital_environment/Wheel_chair.uasset" 1400
"D:/GAD2006/AdvancedGameDevFinal/Content/Assets/hospital_environment/Wheel_chair.uexp" 1401
"D:/GAD2006/AdvancedGameDevFinal/Content/Assets/hospital_environment/wheel_chair1.ubulk" 1402
"D:/GAD2006/AdvancedGameDevFinal/Content/Assets/hospital_environment/wheel_chair1.uasset" 1403
"D:/GAD2006/AdvancedGameDevFinal/Content/Assets/hospital_environment/wheel_chair1.uexp" 1404
"D:/GAD2006/AdvancedGameDevFinal/Content/Assets/hospital_environment/textures/Chairs_table_1/hospital_Chairs_tables_1_BaseColor.ubulk" 1405
"D:/GAD2006/AdvancedGameDevFinal/Content/Assets/hospital_environment/textures/Chairs_table_1/hospital_Chairs_tables_1_BaseColor.uasset" 1406
"D:/GAD2006/AdvancedGameDevFinal/Content/Assets/hospital_environment/textures/Chairs_table_1/hospital_Chairs_tables_1_BaseColor.uexp" 1407
"D:/GAD2006/AdvancedGameDevFinal/Content/Assets/hospital_environment/Chairs_tables_1.uasset" 1408
"D:/GAD2006/AdvancedGameDevFinal/Content/Assets/hospital_environment/Chairs_tables_1.uexp" 1409
"D:/GAD2006/AdvancedGameDevFinal/Content/Assets/hospital_environment/table.ubulk" 1410
"D:/GAD2006/AdvancedGameDevFinal/Content/Assets/hospital_environment/table.uasset" 1411
"D:/GAD2006/AdvancedGameDevFinal/Content/Assets/hospital_environment/table.uexp" 1412
"D:/GAD2006/AdvancedGameDevFinal/Content/Assets/hospital_environment/tile_wall.ubulk" 1413
"D:/GAD2006/AdvancedGameDevFinal/Content/Assets/hospital_environment/tile_wall.uasset" 1414
"D:/GAD2006/AdvancedGameDevFinal/Content/Assets/hospital_environment/tile_wall.uexp" 1415
"D:/GAD2006/AdvancedGameDevFinal/Content/Assets/hospital_environment/bench.ubulk" 1416
"D:/GAD2006/AdvancedGameDevFinal/Content/Assets/hospital_environment/bench.uasset" 1417
"D:/GAD2006/AdvancedGameDevFinal/Content/Assets/hospital_environment/bench.uexp" 1418
"D:/GAD2006/AdvancedGameDevFinal/Content/Maps/L_Game.uexp" 1419
"D:/GAD2006/AdvancedGameDevFinal/Content/Maps/L_Game.umap" 1420
"D:/GAD2006/AdvancedGameDevFinal/Content/Blueprints/BP_MainMenuGameMode.uasset" 1421
"D:/GAD2006/AdvancedGameDevFinal/Content/Blueprints/BP_MainMenuGameMode.uexp" 1422
"D:/GAD2006/AdvancedGameDevFinal/Content/Blueprints/UI/WBP_MainMenu.uasset" 1423
"D:/GAD2006/AdvancedGameDevFinal/Content/Blueprints/UI/WBP_MainMenu.uexp" 1424
"D:/GAD2006/AdvancedGameDevFinal/Content/Blueprints/Gameplay/BP_MainMenuActor.uasset" 1425
"D:/GAD2006/AdvancedGameDevFinal/Content/Blueprints/Gameplay/BP_MainMenuActor.uexp" 1426
"D:/GAD2006/AdvancedGameDevFinal/Content/Blueprints/Gameplay/BP_GameMusicManager.uasset" 1427
"D:/GAD2006/AdvancedGameDevFinal/Content/Blueprints/Gameplay/BP_GameMusicManager.uexp" 1428
"D:/GAD2006/AdvancedGameDevFinal/Content/Maps/L_MainMenu.uexp" 1429
"D:/GAD2006/AdvancedGameDevFinal/Content/Maps/L_MainMenu.umap" 1430
"D:/GAD2006/AdvancedGameDevFinal/Content/Assets/hospital_environment/floor_tile_2.ubulk" 1431
"D:/GAD2006/AdvancedGameDevFinal/Content/Assets/hospital_environment/floor_tile_2.uasset" 1432
"D:/GAD2006/AdvancedGameDevFinal/Content/Assets/hospital_environment/floor_tile_2.uexp" 1433
"D:/GAD2006/AdvancedGameDevFinal/Content/Blueprints/Gameplay/BP_MainLvlTrigger.uasset" 1434
"D:/GAD2006/AdvancedGameDevFinal/Content/Blueprints/Gameplay/BP_MainLvlTrigger.uexp" 1435
"D:/GAD2006/AdvancedGameDevFinal/Content/Blueprints/UI/WBP_Note.uasset" 1436
"D:/GAD2006/AdvancedGameDevFinal/Content/Blueprints/UI/WBP_Note.uexp" 1437
"D:/GAD2006/AdvancedGameDevFinal/Content/Blueprints/Gameplay/BP_NoteActor.uasset" 1438
"D:/GAD2006/AdvancedGameDevFinal/Content/Blueprints/Gameplay/BP_NoteActor.uexp" 1439
"D:/GAD2006/AdvancedGameDevFinal/Content/Maps/L_Tutorial.uexp" 1440
"D:/GAD2006/AdvancedGameDevFinal/Content/Maps/L_Tutorial.umap" 1441
"../../../Engine/Content/Maps/Entry_BuiltData.uasset" 1442
"../../../Engine/Content/Maps/Entry_BuiltData.uexp" 1443
"../../../Engine/Content/Maps/Entry.uexp" 1444
"../../../Engine/Content/Maps/Entry.umap" 1445
